,opponent-points-per-game,opponent-points-per-game,opponent-points-per-game,opponent-points-per-game,opponent-points-per-game,opponent-points-per-game,opponent-points-per-game,points-per-game,points-per-game,points-per-game,points-per-game,points-per-game,points-per-game,points-per-game,opponent-three-point-pct,opponent-three-point-pct,opponent-three-point-pct,opponent-three-point-pct,opponent-three-point-pct,opponent-three-point-pct,opponent-three-point-pct,three-point-pct,three-point-pct,three-point-pct,three-point-pct,three-point-pct,three-point-pct,three-point-pct,average-2nd-half-margin,average-2nd-half-margin,average-2nd-half-margin,average-2nd-half-margin,average-2nd-half-margin,average-2nd-half-margin,average-2nd-half-margin,average-1st-half-margin,average-1st-half-margin,average-1st-half-margin,average-1st-half-margin,average-1st-half-margin,average-1st-half-margin,average-1st-half-margin
,Rank,2022,Last 3,Last 1,Home,Away,2021,Rank,2022,Last 3,Last 1,Home,Away,2021,Rank,2022,Last 3,Last 1,Home,Away,2021,Rank,2022,Last 3,Last 1,Home,Away,2021,Rank,2022,Last 3,Last 1,Home,Away,2021,Rank,2022,Last 3,Last 1,Home,Away,2021
Team,,,,,,,,,,,,,,,,,,,,,,,,,,,,,,,,,,,,,,,,,,
Tennessee,1,55.1,59.7,67.0,51.1,59.1,62.9,102,73.5,68.7,54.0,78.9,68.1,73.5,1,22.5%,27.3%,35.0%,20.7%,24.4%,31.3%,210,33.2%,26.2%,20.0%,34.1%,32.3%,36.0%,2,8.4,2.7,-7.0,14.0,2.7,+4.8,3,9.7,6.3,-6.0,13.8,5.6,+5.7
Houston,2,55.2,67.0,61.0,53.4,57.9,58.8,65,75.2,75.7,70.0,76.2,73.6,74.8,3,26.3%,32.9%,15.0%,26.4%,26.2%,28.8%,84,35.7%,35.9%,35.0%,34.6%,37.4%,33.8%,4,7.9,9.3,8.0,8.6,6.9,+6.0,1,12.1,-0.7,1.0,14.2,8.8,+9.8
North Texas,3,55.5,51.0,42.0,55.3,55.7,56.5,347,61.5,59.3,52.0,62.0,61.2,64.2,22,29.9%,22.5%,13.3%,25.0%,33.0%,28.7%,117,35.2%,39.1%,26.7%,34.9%,35.3%,35.8%,66,3.0,1.0,6.0,0.1,4.8,+1.8,86,3.0,7.3,4.0,6.6,0.8,+5.8
St Marys,4,56.9,57.7,59.0,55.9,58.4,61.3,172,70.7,67.3,68.0,73.6,66.2,69.5,51,31.0%,35.3%,26.3%,31.4%,30.4%,34.3%,35,37.0%,37.3%,23.5%,38.8%,34.4%,35.5%,11,6.1,4.3,0.0,6.4,5.7,+4.2,10,7.9,5.3,9.0,11.3,2.6,+4.0
Rutgers,5,58.5,64.3,55.0,52.8,70.9,66.5,151,71.4,79.0,90.0,73.9,66.0,68.5,19,29.4%,28.0%,20.0%,24.7%,39.5%,33.9%,236,32.7%,41.7%,50.0%,33.0%,32.2%,33.9%,7,6.7,12.3,25.0,10.9,-2.3,+2.8,27,6.0,2.3,10.0,9.9,-2.6,-0.8
Miss State,6,59.0,63.7,51.0,58.4,59.8,66.2,302,65.6,70.0,66.0,70.4,59.9,70.5,49,31.0%,24.1%,33.3%,31.4%,30.5%,31.9%,357,28.1%,25.5%,25.0%,28.4%,27.7%,29.5%,76,2.7,-2.3,9.0,6.1,-1.3,+3.6,68,3.5,6.3,6.0,5.3,1.4,+0.9
Liberty,7,60.2,57.3,70.0,55.8,65.0,65.8,141,71.8,76.7,82.0,76.3,66.8,71.7,221,34.6%,35.5%,50.0%,31.5%,37.7%,34.2%,39,36.9%,30.9%,37.5%,39.4%,33.7%,38.1%,60,3.2,8.7,-2.0,7.1,-1.0,+0.9,7,8.3,10.7,14.0,13.4,2.8,+5.0
Virginia,8,60.2,62.0,62.0,56.3,65.0,60.1,181,70.5,73.0,67.0,70.0,71.0,62.4,187,34.1%,28.6%,20.0%,33.8%,34.4%,33.6%,16,38.5%,39.5%,42.9%,35.0%,42.9%,32.3%,21,5.5,4.7,4.0,6.3,4.4,+1.0,46,4.8,6.3,1.0,7.5,1.6,+1.2
Purdue,9,60.3,63.7,60.0,58.4,62.4,68.4,87,74.0,77.3,80.0,75.3,72.6,79.4,32,30.4%,39.1%,37.9%,31.3%,29.4%,33.2%,181,33.9%,43.3%,45.2%,33.1%,35.0%,38.4%,27,5.0,3.7,14.0,5.3,4.7,+2.5,6,8.6,10.0,6.0,11.6,5.3,+7.9
UCLA,10,60.6,65.3,61.0,57.0,65.0,64.5,76,74.6,62.0,70.0,77.9,70.6,75.4,33,30.4%,34.8%,30.8%,26.7%,34.2%,32.1%,97,35.5%,30.5%,28.6%,34.9%,36.3%,35.3%,30,4.9,-11.7,-7.0,10.3,-1.7,+3.5,5,9.1,8.3,16.0,10.6,7.3,+7.4
Boise State,11,61.0,54.7,52.0,58.7,62.9,61.0,145,71.6,67.3,59.0,74.5,69.3,67.7,4,27.5%,14.1%,16.7%,25.5%,29.1%,32.6%,43,36.7%,42.4%,31.8%,39.4%,34.5%,34.0%,14,5.9,4.0,-6.0,8.4,3.8,+3.4,44,4.9,8.7,13.0,7.4,2.8,+3.4
Dayton,12,61.2,72.0,81.0,58.5,64.8,61.2,196,69.8,80.3,85.0,74.4,63.8,69.2,7,28.2%,35.4%,52.0%,26.7%,30.0%,32.4%,173,34.1%,43.1%,35.7%,36.2%,31.2%,36.1%,82,2.6,0.0,-6.0,6.0,-1.9,+2.8,26,6.0,7.0,6.0,9.6,1.3,+5.3
Charlotte,13,61.4,64.3,57.0,59.4,63.0,71.2,252,67.4,64.0,54.0,71.8,63.7,70.0,266,35.5%,30.2%,26.7%,35.4%,35.5%,36.2%,37,36.9%,29.7%,17.4%,39.4%,34.8%,34.5%,78,2.7,-3.3,-3.0,7.1,-1.0,-0.6,79,3.1,3.0,0.0,5.1,1.5,-0.5
Iowa State,14,61.4,78.0,80.0,53.7,69.8,62.5,164,70.9,72.7,77.0,76.3,64.9,65.6,102,32.1%,42.0%,26.1%,28.5%,35.7%,28.9%,106,35.3%,34.5%,33.3%,38.2%,31.9%,31.5%,34,4.6,-6.0,-17.0,12.2,-3.8,+1.0,42,5.0,1.7,17.0,10.4,-1.0,+2.1
S Illinois,15,61.7,66.0,62.0,58.6,64.0,61.6,307,65.5,62.0,52.0,68.9,62.8,63.7,139,33.2%,41.7%,35.7%,31.0%,34.8%,32.4%,303,31.1%,37.1%,29.4%,30.4%,31.6%,35.1%,107,1.9,-4.0,-9.0,6.7,-1.8,+1.0,116,1.8,0.0,-1.0,3.6,0.5,+1.1
UCSB,16,61.8,61.3,62.0,63.3,60.7,65.8,195,69.8,69.7,68.0,76.5,65.0,71.5,236,35.0%,36.7%,50.0%,41.1%,31.1%,32.0%,160,34.4%,39.6%,50.0%,40.6%,28.4%,33.4%,33,4.6,-2.3,-2.0,6.5,3.3,+3.6,75,3.3,10.7,8.0,6.8,0.7,+2.1
Bradley,17,62.4,67.7,52.0,56.8,68.5,65.2,180,70.5,74.7,62.0,78.4,61.9,69.8,107,32.3%,31.6%,29.4%,28.3%,36.7%,32.2%,88,35.6%,37.1%,35.7%,39.4%,31.0%,34.0%,35,4.5,4.0,9.0,9.1,-0.5,+3.4,71,3.5,1.7,1.0,12.2,-6.0,+1.4
Utah,18,62.4,63.3,78.0,63.0,61.6,70.9,165,70.8,63.7,72.0,78.4,60.3,69.7,9,28.5%,32.3%,55.6%,30.7%,25.8%,32.9%,129,34.9%,33.8%,35.3%,37.6%,30.5%,33.5%,45,4.0,3.7,9.0,9.1,-3.0,0.0,55,4.3,-3.3,-15.0,6.3,1.5,-1.1
Northwestern,19,62.5,71.7,68.0,59.8,67.3,70.6,213,69.0,67.3,51.0,68.2,70.4,72.4,240,35.0%,37.3%,35.0%,33.9%,37.0%,36.8%,283,31.8%,28.6%,15.8%,32.4%,30.6%,34.6%,63,3.1,-9.7,-16.0,4.6,0.6,+2.2,73,3.4,5.3,-1.0,3.9,2.5,-0.1
Hawaii,20,62.6,69.7,75.0,59.5,68.1,64.5,251,67.4,66.3,63.0,67.4,67.5,67.0,8,28.3%,44.1%,58.3%,26.6%,31.1%,30.9%,291,31.5%,28.1%,23.5%,32.0%,30.4%,34.6%,49,3.7,-4.0,-6.0,4.9,1.6,+1.7,126,1.5,0.7,-6.0,3.1,-1.4,+0.9
Sam Hous St,21,62.7,56.3,65.0,63.0,62.5,64.3,190,69.9,68.3,67.0,71.4,69.4,65.5,144,33.2%,33.8%,43.5%,29.0%,34.7%,31.9%,1,40.4%,43.1%,36.8%,43.6%,39.3%,33.6%,48,3.8,4.0,-1.0,0.4,5.2,+0.1,67,3.7,8.0,3.0,8.8,1.7,+1.0
Drexel,22,62.9,69.7,69.0,61.0,64.8,70.1,293,65.9,61.0,70.0,69.4,62.5,71.8,181,34.0%,36.5%,21.7%,31.6%,36.5%,33.4%,273,32.1%,25.0%,13.3%,32.3%,32.0%,34.7%,139,0.9,-7.7,9.0,4.2,-2.4,+1.0,122,1.6,-1.0,-8.0,3.9,-0.6,+0.8
Oklahoma St,23,63.0,70.0,61.0,57.8,68.3,65.7,216,68.9,76.0,71.0,70.1,67.7,68.4,20,29.5%,33.3%,22.7%,26.8%,32.1%,32.4%,260,32.3%,30.5%,25.0%,34.1%,30.7%,29.5%,81,2.6,0.3,-4.0,7.3,-2.1,+1.0,72,3.5,5.7,14.0,5.0,1.9,+1.7
Yale,24,63.1,68.7,65.0,60.7,64.6,70.0,124,72.3,79.3,87.0,76.0,70.0,71.3,172,33.8%,38.8%,38.7%,32.0%,35.3%,30.5%,151,34.5%,55.2%,66.7%,41.5%,30.1%,32.6%,5,7.4,11.0,23.0,12.0,4.5,+0.6,123,1.6,-0.3,-1.0,3.3,0.5,+0.7
Wisconsin,25,63.1,64.7,60.0,61.3,64.8,66.0,314,65.0,57.0,65.0,67.6,62.7,69.9,133,33.0%,33.3%,28.6%,34.2%,31.9%,32.5%,70,36.0%,34.4%,30.0%,41.5%,31.2%,30.6%,193,-0.4,-10.3,-11.0,4.2,-4.6,+1.3,106,2.1,2.7,16.0,2.1,2.1,+2.7
VCU,26,63.2,57.3,59.0,60.9,66.8,62.4,182,70.4,63.7,61.0,73.1,66.2,67.1,137,33.1%,40.4%,43.8%,32.8%,33.5%,27.8%,162,34.3%,20.9%,0.0%,35.5%,32.2%,34.7%,47,3.9,0.0,4.0,5.1,2.0,+2.8,74,3.3,6.3,-2.0,7.1,-2.6,+2.1
Wagner,27,63.2,62.7,65.0,58.0,66.5,65.4,345,61.7,60.0,56.0,61.9,61.5,73.3,40,30.6%,30.8%,22.2%,29.1%,31.6%,29.7%,321,30.6%,28.8%,22.7%,30.0%,30.9%,28.5%,232,-1.3,-7.7,-7.0,1.3,-3.0,+2.0,202,-0.4,5.0,-2.0,2.6,-2.3,+6.2
Maryland,28,63.3,57.7,55.0,61.3,66.1,70.7,173,70.7,73.7,66.0,74.2,65.8,70.9,42,30.7%,38.1%,27.3%,31.5%,29.4%,35.5%,325,30.4%,32.2%,22.7%,30.2%,30.6%,32.6%,15,5.7,8.7,3.0,7.3,3.3,+2.3,118,1.8,7.3,8.0,5.5,-3.7,-2.3
Illinois,29,63.3,55.7,56.0,59.8,68.4,67.2,69,75.0,67.3,72.0,77.9,70.8,74.4,103,32.1%,36.8%,40.0%,29.2%,35.8%,32.0%,285,31.7%,20.8%,17.2%,31.5%,32.1%,35.9%,8,6.6,7.3,15.0,8.5,3.9,+3.2,48,4.8,4.3,1.0,9.7,-2.3,+4.2
NC-Wilmgton,30,63.4,54.3,63.0,63.0,63.6,69.4,274,66.6,67.0,87.0,73.2,62.1,71.6,14,29.2%,20.4%,16.7%,28.2%,29.9%,35.5%,212,33.2%,36.4%,47.8%,36.9%,30.3%,32.9%,118,1.6,5.7,11.0,3.3,0.4,+2.4,120,1.7,7.0,13.0,6.9,-1.9,-0.8
Duke,31,63.7,64.7,73.0,59.8,67.5,67.8,111,72.9,78.7,75.0,78.6,67.2,80.1,29,30.1%,33.3%,29.0%,28.6%,31.8%,32.1%,249,32.5%,38.1%,35.3%,37.2%,27.6%,36.6%,29,4.9,8.0,-5.0,9.0,0.8,+4.5,54,4.3,6.0,7.0,9.8,-1.2,+7.8
NC-Grnsboro,32,63.7,56.0,49.0,61.4,65.3,65.1,279,66.5,62.7,69.0,65.9,66.9,64.6,55,31.1%,26.2%,16.7%,32.1%,30.4%,34.9%,256,32.4%,19.6%,20.0%,32.1%,32.6%,34.4%,247,-1.6,-2.7,0.0,-1.1,-2.0,-0.6,60,4.0,9.3,20.0,5.6,3.0,+0.3
Missouri St,33,64.0,66.7,67.0,59.2,67.9,69.3,305,65.5,70.0,76.0,65.2,65.8,76.5,123,32.6%,29.6%,20.7%,31.1%,33.9%,33.6%,242,32.6%,26.2%,33.3%,30.6%,34.4%,36.4%,150,0.5,3.7,7.0,1.8,-0.5,+3.5,148,0.9,-3.3,-7.0,3.3,-1.1,+3.9
Cal Baptist,34,64.0,67.3,72.0,62.3,66.2,69.0,256,67.2,67.7,71.0,69.1,65.0,68.8,15,29.2%,37.8%,35.7%,24.7%,34.6%,32.6%,233,32.8%,29.0%,25.9%,33.2%,32.3%,33.2%,86,2.5,0.0,3.0,4.8,-0.2,-0.9,150,0.9,0.3,-4.0,2.1,-0.6,+0.9
Seton Hall,35,64.5,65.0,72.0,60.0,68.2,66.4,219,68.9,69.0,84.0,72.5,65.8,70.6,17,29.3%,33.9%,46.7%,25.9%,32.4%,31.1%,254,32.4%,42.0%,45.0%,34.4%,30.7%,33.2%,52,3.5,1.0,15.0,6.7,0.9,+3.0,150,0.9,3.0,-3.0,5.8,-3.3,+1.1
Florida,36,64.5,59.3,54.0,64.2,64.8,66.5,150,71.5,66.0,67.0,77.6,65.3,70.6,34,30.4%,25.0%,20.0%,31.9%,28.8%,32.2%,256,32.4%,26.1%,35.0%,39.5%,25.8%,30.3%,23,5.2,9.0,7.0,8.8,1.6,+1.9,119,1.7,-2.3,6.0,4.6,-1.2,+2.1
Lafayette,37,64.6,56.0,53.0,60.9,66.4,73.1,352,60.5,51.0,34.0,57.1,62.2,67.1,175,33.8%,28.4%,28.6%,31.3%,35.0%,38.0%,209,33.2%,26.9%,19.0%,29.2%,35.2%,32.8%,297,-3.0,-8.0,-12.0,-1.3,-3.9,-3.6,217,-0.9,3.0,-7.0,-2.6,-0.1,-2.1
Auburn,38,64.6,77.3,73.0,62.8,66.7,67.2,104,73.4,78.0,94.0,73.9,72.7,78.2,5,27.8%,41.1%,41.2%,26.8%,29.0%,31.0%,335,29.9%,30.0%,36.0%,29.5%,30.4%,31.8%,16,5.6,5.0,3.0,7.3,3.7,+4.4,79,3.1,-4.3,18.0,3.8,2.3,+6.5
N Kentucky,39,64.6,59.0,52.0,64.3,65.1,65.8,289,66.0,69.0,65.0,69.2,61.6,68.8,350,38.5%,32.1%,26.3%,38.2%,39.0%,32.4%,211,33.2%,30.7%,31.8%,34.3%,31.4%,34.1%,136,1.0,0.0,8.0,2.3,-1.0,+3.3,193,-0.2,10.0,5.0,1.5,-2.6,-0.2
St Peters,40,64.7,59.3,62.0,62.3,66.6,62.9,353,60.3,63.7,73.0,65.4,56.1,66.4,52,31.0%,33.3%,47.4%,30.5%,31.5%,29.2%,355,28.7%,37.0%,56.3%,31.1%,26.4%,34.6%,324,-4.2,9.3,23.0,-1.4,-6.5,+1.1,180,0.2,-5.0,-12.0,5.3,-4.1,+2.0
Fresno St,41,64.8,72.7,85.0,60.8,67.4,59.6,354,60.2,56.0,62.0,60.5,60.0,66.0,292,36.0%,44.1%,46.4%,34.0%,37.2%,32.3%,354,28.7%,21.9%,28.0%,29.8%,28.0%,33.7%,282,-2.5,-8.0,-1.0,-2.3,-2.7,+1.3,246,-2.1,-8.7,-22.0,2.0,-4.8,+5.4
Akron,42,64.8,69.7,64.0,64.8,64.8,63.9,157,71.2,79.0,81.0,80.0,64.0,68.8,215,34.5%,32.3%,21.1%,31.3%,36.6%,34.9%,185,33.8%,50.0%,66.7%,35.5%,32.3%,35.3%,119,1.6,-3.0,0.0,4.6,-0.9,+2.3,46,4.8,12.3,17.0,10.6,0.1,+2.7
Kent State,43,64.9,74.3,69.0,66.3,63.6,66.8,92,73.9,77.0,81.0,82.0,67.3,69.8,59,31.2%,36.6%,40.0%,33.2%,29.4%,31.7%,232,32.8%,30.4%,32.0%,34.5%,31.4%,32.5%,84,2.6,-1.0,15.0,4.1,1.3,-0.8,17,6.5,3.7,-3.0,11.6,2.4,+3.8
Connecticut,44,64.9,71.3,76.0,64.0,66.0,65.3,19,79.8,85.0,90.0,83.8,74.5,74.8,16,29.3%,42.4%,45.0%,26.7%,32.3%,35.3%,123,35.0%,33.3%,25.0%,35.8%,34.1%,35.2%,44,4.1,7.0,1.0,6.6,0.9,+4.4,2,10.8,6.7,13.0,13.2,7.6,+4.6
Fla Atlantic,45,65.0,72.0,86.0,62.8,67.3,69.1,47,76.3,77.3,77.0,77.8,74.7,73.5,143,33.2%,32.2%,30.0%,36.0%,30.1%,36.9%,55,36.3%,29.9%,22.2%,37.2%,35.4%,35.1%,25,5.0,5.3,4.0,6.5,3.5,+2.6,23,6.1,0.0,-13.0,8.5,3.5,+2.0
S Mississippi,46,65.0,60.0,65.0,63.0,66.6,75.9,101,73.5,71.3,74.0,76.0,71.7,62.7,68,31.5%,25.5%,22.7%,30.5%,32.2%,37.4%,262,32.3%,31.6%,30.0%,33.7%,31.4%,30.9%,37,4.4,4.7,2.0,6.4,2.8,-6.3,59,4.1,6.7,7.0,6.6,2.3,-6.1
Drake,47,65.1,70.0,81.0,65.0,65.2,67.0,117,72.5,79.0,88.0,77.0,68.3,73.3,50,31.0%,30.1%,38.7%,32.4%,29.6%,33.1%,149,34.5%,32.1%,24.1%,33.3%,35.7%,33.1%,132,1.2,-2.0,5.0,0.1,2.2,+2.6,32,5.8,8.7,-5.0,11.5,0.6,+3.7
Oklahoma,48,65.1,73.0,71.0,62.8,67.9,65.0,236,68.1,68.7,61.0,69.8,66.2,69.1,12,29.2%,29.1%,25.0%,29.3%,28.9%,31.8%,74,35.9%,35.2%,22.7%,35.1%,37.0%,34.7%,150,0.5,0.3,4.0,2.1,-1.3,+2.9,104,2.3,-4.7,-14.0,4.9,-0.9,+1.2
Niagara,49,65.1,61.3,62.0,62.7,66.5,66.0,329,63.3,63.0,68.0,66.3,61.5,65.9,147,33.3%,35.1%,31.3%,35.0%,32.4%,33.6%,125,35.0%,44.8%,46.7%,38.6%,32.7%,34.0%,289,-2.7,-3.7,-2.0,-2.4,-2.9,+0.4,166,0.5,5.3,8.0,6.0,-2.8,-0.6
American,50,65.2,69.3,78.0,65.4,65.0,70.9,256,67.2,69.0,71.0,69.9,65.4,63.5,278,35.8%,43.5%,69.2%,35.6%,35.9%,34.7%,52,36.4%,32.0%,26.7%,40.8%,33.9%,33.1%,128,1.3,5.3,5.0,4.6,-0.9,-3.0,163,0.5,-5.7,-12.0,-0.1,0.9,-4.8
Arkansas,51,65.3,59.0,70.0,59.1,72.8,68.3,72,74.8,68.3,81.0,74.8,74.9,75.9,57,31.2%,28.2%,33.3%,29.4%,33.3%,32.4%,314,30.8%,33.3%,33.3%,31.9%,29.7%,30.4%,19,5.5,-3.3,3.0,9.3,1.0,+4.2,64,3.8,12.7,8.0,6.4,0.7,+3.2
TX Christian,52,65.4,68.3,72.0,61.3,71.2,64.9,32,77.5,76.3,76.0,78.7,75.7,68.5,18,29.4%,27.7%,27.3%,29.0%,29.9%,30.9%,347,29.2%,25.9%,20.0%,28.9%,29.8%,30.2%,10,6.5,5.3,0.0,8.2,3.9,+2.4,27,6.0,5.0,4.0,9.2,1.3,+1.3
Towson,53,65.4,70.7,76.0,62.8,66.9,64.3,191,69.9,78.7,72.0,73.0,68.1,72.9,198,34.2%,38.9%,39.3%,30.9%,36.4%,31.5%,90,35.5%,38.2%,33.3%,37.1%,34.7%,35.7%,103,1.9,3.3,-7.0,4.4,0.4,+5.4,91,2.8,4.7,3.0,6.2,0.7,+3.4
Wash State,53,65.4,67.0,80.0,59.8,69.4,64.9,238,68.0,67.7,70.0,71.8,65.3,71.5,78,31.7%,39.3%,47.4%,33.1%,30.9%,30.6%,72,36.0%,35.1%,34.8%,39.3%,33.3%,33.5%,131,1.2,-1.3,-8.0,5.2,-1.6,+1.0,126,1.5,2.0,-2.0,7.0,-2.4,+5.4
Fairfield,55,65.4,63.3,78.0,66.0,65.0,66.3,324,63.8,64.7,69.0,66.4,62.1,66.5,24,30.0%,32.0%,29.4%,26.0%,32.5%,32.2%,358,28.0%,27.4%,25.0%,27.5%,28.3%,33.5%,198,-0.5,2.0,-8.0,-0.4,-0.6,-0.2,196,-0.3,2.3,8.0,2.9,-2.3,+0.3
Stanford,56,65.5,61.0,72.0,61.8,69.1,68.7,219,68.9,75.0,78.0,72.9,64.8,66.4,210,34.4%,31.6%,35.3%,32.8%,36.0%,32.7%,208,33.3%,44.1%,55.6%,36.3%,30.0%,33.9%,70,2.9,7.7,-9.0,6.9,-1.1,+0.5,163,0.5,6.3,15.0,4.2,-3.2,-3.1
Gard-Webb,57,65.5,61.0,59.0,67.7,64.4,65.3,254,67.3,77.0,67.0,73.7,64.1,67.3,223,34.7%,35.0%,36.8%,37.3%,33.3%,28.5%,225,33.0%,37.7%,31.6%,32.6%,33.2%,33.0%,217,-1.0,6.0,-1.0,-0.7,-1.2,-0.8,86,3.0,10.0,9.0,7.4,0.8,+2.8
Merrimack,58,65.5,66.0,59.0,61.9,67.6,64.9,362,57.6,70.3,76.0,58.5,57.1,60.9,166,33.7%,38.1%,30.0%,35.0%,33.0%,33.2%,346,29.2%,39.7%,40.0%,29.9%,29.0%,33.3%,321,-4.1,-0.7,12.0,-2.4,-5.1,-4.2,296,-3.8,5.0,5.0,-1.0,-5.4,-0.4
Air Force,59,65.7,74.0,59.0,63.9,68.9,66.0,246,67.6,59.0,52.0,70.0,63.1,59.0,10,28.6%,32.1%,31.8%,28.4%,29.1%,31.2%,142,34.6%,23.6%,16.7%,36.6%,30.9%,33.3%,79,2.6,-2.7,6.0,4.5,-0.9,-4.1,219,-1.0,-12.3,-13.0,1.9,-6.3,-2.9
Jacksonville,60,65.7,73.3,76.0,60.8,67.9,61.1,340,62.1,66.3,63.0,62.8,61.7,64.2,31,30.3%,32.9%,32.1%,28.5%,31.2%,29.3%,201,33.4%,28.1%,11.8%,34.2%,33.1%,34.5%,219,-1.1,-1.3,8.0,6.0,-4.3,+1.6,263,-2.6,-5.7,-21.0,-4.0,-1.9,+1.6
Colorado,61,65.8,60.3,46.0,60.6,71.0,67.4,176,70.7,60.0,59.0,73.0,68.4,71.1,135,33.0%,37.5%,36.4%,32.6%,33.5%,33.1%,290,31.5%,31.7%,27.8%,31.8%,31.3%,36.6%,98,2.1,2.3,16.0,4.1,0.2,+3.5,91,2.8,-2.7,-3.0,8.3,-2.8,-0.2
Texas State,62,65.8,72.0,82.0,67.4,65.0,65.3,333,63.0,63.7,63.0,61.7,63.7,68.3,263,35.4%,37.5%,50.0%,36.9%,34.5%,35.0%,331,30.1%,29.0%,14.3%,28.1%,31.1%,37.2%,296,-3.0,-3.0,-15.0,-1.4,-3.8,+0.8,177,0.2,-5.3,-4.0,-4.3,2.5,+2.3
Mt St Marys,63,65.9,63.7,73.0,61.1,69.4,65.4,341,62.0,60.3,62.0,58.3,64.8,64.4,199,34.2%,38.3%,56.3%,36.2%,32.8%,33.9%,38,36.9%,47.2%,47.4%,38.3%,36.0%,34.0%,322,-4.2,-7.3,-23.0,-5.7,-3.1,+1.0,169,0.4,4.0,12.0,2.9,-1.5,-1.9
Grambling St,64,65.9,66.3,63.0,61.5,68.0,72.3,277,66.6,71.7,60.0,71.8,64.2,65.0,94,32.0%,29.7%,28.6%,28.6%,33.2%,35.6%,192,33.7%,47.7%,52.9%,40.2%,30.5%,31.1%,214,-0.9,-0.7,-4.0,3.5,-3.0,-0.7,125,1.6,6.0,1.0,6.8,-0.8,-6.6
Central FL,65,66.0,81.3,77.0,65.8,66.1,68.2,136,72.0,71.0,70.0,75.8,65.6,69.8,62,31.3%,37.0%,34.8%,31.1%,31.6%,31.2%,66,36.1%,37.7%,37.5%,37.4%,34.2%,35.0%,24,5.1,-2.7,7.0,7.3,1.6,-0.5,152,0.9,-5.3,-7.0,3.0,-2.6,+1.9
Oregon St,66,66.0,61.0,68.0,63.5,68.5,78.1,346,61.5,53.7,57.0,64.3,58.8,68.3,93,31.9%,32.3%,38.9%,32.5%,31.3%,35.9%,179,34.0%,28.3%,33.3%,29.9%,37.5%,31.9%,231,-1.3,-3.0,-15.0,3.5,-6.1,-4.2,275,-3.1,-4.3,4.0,-2.6,-3.6,-5.2
Harvard,66,66.0,77.3,83.0,64.4,66.9,70.0,248,67.5,74.0,68.0,68.4,66.9,69.6,75,31.7%,41.6%,40.7%,30.9%,32.1%,37.1%,341,29.5%,42.4%,37.5%,28.5%,30.0%,32.6%,155,0.5,3.3,0.0,-1.3,1.5,-1.1,153,0.8,-6.7,-15.0,5.3,-1.8,+0.3
Radford,68,66.0,56.7,59.0,68.4,64.9,67.1,212,69.1,61.7,67.0,75.4,66.2,61.8,173,33.8%,25.4%,12.5%,34.4%,33.4%,35.4%,57,36.3%,36.4%,38.5%,37.3%,35.9%,29.8%,169,0.0,-0.7,-1.0,-0.3,0.2,-0.8,83,3.0,5.7,9.0,7.3,1.1,-3.9
Wichita St,69,66.1,79.0,70.0,68.4,62.8,66.4,238,68.0,78.7,61.0,71.0,63.7,68.5,64,31.4%,33.8%,35.0%,33.6%,28.6%,31.6%,344,29.3%,30.6%,15.0%,28.7%,30.4%,31.2%,185,-0.3,-9.7,-8.0,0.2,-0.9,+1.5,95,2.6,11.0,-1.0,3.2,1.8,+0.8
Siena,70,66.1,56.7,55.0,65.9,66.3,69.2,192,69.9,64.0,70.0,72.3,68.2,66.3,56,31.1%,22.0%,11.1%,36.4%,26.7%,33.3%,80,35.8%,32.7%,38.9%,39.4%,33.0%,35.6%,89,2.4,4.7,9.0,6.2,-0.2,-1.2,130,1.5,2.7,6.0,0.4,2.2,-1.3
Michigan St,70,66.1,73.3,77.0,59.9,72.4,69.0,214,69.0,64.3,61.0,69.3,68.6,72.3,35,30.5%,38.8%,41.2%,23.8%,36.4%,31.6%,27,37.9%,38.6%,50.0%,39.7%,35.2%,37.8%,171,0.0,-1.7,2.0,1.3,-1.3,+0.9,101,2.4,-7.3,-18.0,8.1,-3.3,+2.3
San Jose St,72,66.1,66.3,72.0,59.6,71.1,73.3,275,66.6,69.0,51.0,67.0,66.3,62.5,200,34.2%,31.1%,31.3%,29.3%,38.1%,35.8%,182,33.8%,34.5%,21.1%,31.0%,36.0%,34.5%,212,-0.9,1.7,-2.0,1.7,-2.8,-5.2,137,1.2,1.0,-19.0,5.4,-1.9,-5.5
Grd Canyon,73,66.2,76.7,81.0,65.0,67.3,62.0,207,69.3,70.3,62.0,75.3,63.3,70.4,160,33.6%,39.0%,58.3%,32.2%,34.9%,26.9%,143,34.6%,38.1%,40.0%,37.5%,31.5%,34.6%,62,3.2,1.0,5.0,6.9,-0.6,+3.4,210,-0.7,-7.3,-24.0,2.4,-3.8,+5.0
Marist,74,66.2,70.0,72.0,67.2,65.2,68.2,343,62.0,57.7,66.0,61.6,62.3,68.8,336,37.6%,44.2%,50.0%,38.1%,37.0%,33.4%,320,30.6%,22.7%,33.3%,30.3%,31.0%,34.4%,216,-1.0,-12.0,-10.0,-0.9,-1.1,-0.3,288,-3.6,-0.3,4.0,-4.6,-2.4,+0.7
CS Bakersfld,75,66.3,75.7,76.0,64.8,67.3,67.4,360,58.0,69.7,82.0,60.9,56.0,61.8,253,35.2%,40.6%,46.2%,39.2%,32.7%,35.2%,294,31.4%,28.6%,25.0%,36.4%,29.0%,28.3%,334,-4.8,4.3,2.0,-4.1,-5.3,-1.7,293,-3.8,-12.3,-2.0,-0.5,-5.9,-3.8
Cal Poly,76,66.3,67.7,68.0,64.5,68.0,67.9,357,58.6,50.0,62.0,60.7,56.7,60.6,232,34.9%,37.0%,50.0%,33.9%,35.9%,36.0%,336,29.9%,22.8%,50.0%,29.9%,29.9%,29.5%,272,-2.1,-4.7,2.0,0.2,-4.2,-4.1,332,-5.4,-13.0,-8.0,-4.0,-6.6,-2.9
App State,77,66.4,58.7,66.0,63.4,69.7,65.3,286,66.1,64.0,58.0,66.0,66.3,65.3,138,33.1%,26.9%,25.0%,30.3%,36.9%,33.0%,214,33.1%,36.5%,31.6%,32.7%,33.6%,33.5%,269,-2.0,0.7,-1.0,2.9,-7.5,+0.5,111,2.0,4.7,-7.0,-0.7,5.0,-0.7
St Bonavent,78,66.4,66.3,62.0,63.6,68.9,66.5,269,66.8,65.0,66.0,71.1,62.8,70.0,6,28.0%,23.4%,20.8%,26.3%,29.7%,34.2%,109,35.3%,44.2%,50.0%,37.6%,32.9%,33.1%,170,0.0,-2.0,-1.0,3.4,-3.0,+4.5,162,0.5,0.7,5.0,4.1,-2.8,-1.2
USC,79,66.4,67.7,70.0,64.6,68.6,66.0,139,71.9,78.0,80.0,73.7,69.8,72.4,174,33.8%,33.3%,34.8%,33.6%,34.0%,33.1%,204,33.3%,44.1%,47.4%,33.9%,32.5%,35.7%,16,5.6,10.3,8.0,6.9,4.1,+3.5,178,0.2,0.0,2.0,2.2,-2.2,+2.8
Clemson,80,66.6,64.7,62.0,64.3,69.2,68.5,97,73.8,69.3,54.0,76.9,70.4,71.7,101,32.1%,30.4%,25.0%,30.8%,33.6%,33.3%,63,36.2%,34.2%,28.6%,39.0%,33.3%,36.3%,36,4.4,4.3,-1.0,6.7,2.0,+2.0,100,2.4,0.3,-7.0,5.4,-0.8,+1.0
Arizona St,80,66.6,67.0,57.0,64.5,68.9,67.2,152,71.4,64.0,68.0,72.5,70.2,65.4,124,32.6%,37.2%,33.3%,28.1%,37.2%,31.1%,268,32.1%,32.3%,38.9%,30.5%,33.9%,30.7%,43,4.2,7.3,15.0,3.5,4.9,+0.1,155,0.8,-9.3,-4.0,4.5,-3.3,-2.1
Texas A&M,82,66.6,70.0,81.0,59.4,73.9,66.4,80,74.4,73.7,70.0,73.5,75.4,71.9,179,33.9%,31.8%,33.3%,31.6%,36.6%,31.1%,289,31.5%,32.0%,33.3%,34.0%,29.1%,32.4%,72,2.9,2.7,-3.0,6.8,-1.1,+2.0,43,4.9,1.0,-8.0,7.3,2.5,+3.5
San Diego St,83,66.8,67.0,75.0,61.6,72.5,58.1,89,74.0,74.3,66.0,73.9,74.1,65.4,41,30.7%,29.0%,29.4%,29.1%,32.4%,30.0%,128,34.9%,39.3%,30.4%,35.8%,33.8%,35.4%,153,0.5,-4.7,-11.0,4.3,-3.6,+3.1,15,6.6,12.0,2.0,8.0,5.0,+4.3
Quinnipiac,83,66.8,75.3,66.0,67.4,66.5,72.1,130,72.1,77.0,72.0,73.9,71.1,70.8,37,30.6%,35.5%,33.3%,32.8%,28.9%,37.1%,121,35.1%,40.0%,50.0%,35.7%,34.8%,34.0%,74,2.8,-6.3,10.0,1.3,3.8,-1.5,97,2.5,8.0,-4.0,5.3,0.8,-0.1
Kentucky,85,66.8,65.3,66.0,63.2,72.0,66.6,61,75.3,70.7,75.0,80.6,67.7,79.4,140,33.2%,30.8%,21.1%,33.7%,32.4%,30.8%,47,36.6%,34.1%,50.0%,38.7%,33.5%,34.7%,12,6.0,4.7,9.0,9.9,0.2,+6.8,89,3.0,0.7,0.0,7.5,-3.6,+6.0
Montana St,85,66.8,66.3,68.0,62.1,69.0,69.7,184,70.3,72.0,69.0,74.3,68.4,75.0,186,34.0%,45.7%,58.8%,34.8%,33.7%,33.2%,310,30.9%,31.7%,16.7%,33.3%,29.4%,36.6%,286,-2.6,2.7,4.0,3.3,-5.3,+3.6,25,6.0,3.0,-3.0,8.9,4.7,+1.9
Richmond,87,66.8,79.0,66.0,60.7,73.5,68.4,232,68.3,66.0,62.0,70.8,65.5,71.0,162,33.6%,50.0%,50.0%,29.4%,38.2%,34.3%,194,33.6%,27.8%,20.8%,32.2%,35.2%,32.9%,82,2.6,-6.3,1.0,6.3,-1.5,+3.1,216,-0.9,-6.7,-5.0,3.8,-6.1,-0.1
Old Dominion,88,67.0,67.0,78.0,63.3,71.3,67.3,247,67.6,66.3,73.0,67.6,67.6,66.0,117,32.5%,34.7%,50.0%,31.3%,33.7%,34.2%,238,32.7%,28.4%,34.6%,31.7%,34.0%,29.0%,150,0.5,-2.0,3.0,3.6,-3.1,+1.0,193,-0.2,1.3,-8.0,0.7,-1.2,-1.9
Longwood,88,67.0,71.3,76.0,69.1,65.5,67.3,153,71.4,65.3,74.0,80.0,65.4,73.1,254,35.2%,41.9%,54.5%,38.2%,33.0%,32.0%,141,34.6%,32.5%,47.8%,33.2%,35.7%,38.3%,85,2.5,-8.3,-19.0,9.3,-2.2,+1.4,114,1.9,2.3,17.0,1.6,2.1,+3.7
CS Fullerton,90,67.0,55.7,70.0,63.6,69.4,66.4,241,67.8,64.7,67.0,70.3,66.1,68.6,35,30.5%,28.6%,33.3%,29.4%,31.1%,37.3%,56,36.3%,35.5%,31.0%,36.6%,36.1%,33.4%,285,-2.5,1.0,-1.0,2.9,-6.3,+3.0,94,2.6,8.0,-2.0,2.1,3.0,-0.8
Oregon,91,67.0,72.0,91.0,64.6,70.8,70.3,179,70.6,73.0,76.0,73.3,66.3,72.3,164,33.7%,38.8%,43.5%,33.3%,34.1%,32.4%,313,30.8%,33.8%,34.6%,30.9%,30.7%,33.5%,59,3.3,0.3,0.0,6.6,-2.0,+0.1,176,0.3,0.7,-15.0,2.0,-2.4,+1.9
N Hampshire,92,67.1,65.7,67.0,67.3,66.9,65.8,291,66.0,75.7,74.0,72.5,61.3,66.7,79,31.7%,26.4%,28.6%,30.1%,32.9%,34.2%,163,34.3%,35.9%,32.0%,37.8%,31.8%,36.6%,253,-1.7,6.0,-1.0,1.5,-4.1,-0.6,179,0.2,1.7,1.0,3.8,-2.5,+1.5
Princeton,93,67.2,79.0,87.0,71.2,65.2,72.0,100,73.6,76.7,65.0,78.0,71.3,78.6,184,34.0%,40.7%,66.7%,33.0%,34.5%,33.6%,189,33.7%,29.5%,38.7%,32.6%,34.3%,38.4%,61,3.2,-4.3,-23.0,3.7,3.0,+4.9,86,3.0,1.0,1.0,2.7,3.2,+1.9
Penn State,94,67.2,68.7,80.0,64.3,70.8,65.0,110,73.0,62.7,60.0,78.3,66.5,64.6,177,33.9%,36.4%,45.2%,32.8%,35.1%,35.2%,15,38.5%,32.9%,37.9%,41.4%,34.8%,34.2%,185,-0.3,-7.0,-14.0,4.7,-6.2,+2.1,19,6.3,1.0,-6.0,9.4,2.6,-2.5
Fordham,94,67.2,67.7,65.0,65.2,72.7,66.8,114,72.8,79.7,75.0,73.1,72.0,66.1,97,32.1%,29.2%,22.2%,32.8%,30.2%,31.3%,251,32.5%,31.0%,21.7%,32.5%,32.6%,29.7%,26,5.0,15.7,15.0,5.9,2.8,+0.2,167,0.4,-3.7,-5.0,1.9,-3.5,-1.0
Cleveland St,94,67.2,77.0,85.0,68.9,66.1,71.0,192,69.9,74.7,67.0,75.2,66.2,74.9,91,31.9%,40.9%,43.8%,32.9%,31.1%,32.3%,323,30.5%,33.3%,31.3%,31.9%,29.3%,32.6%,236,-1.4,-9.3,-13.0,-0.2,-2.2,+0.9,56,4.2,7.0,-5.0,7.0,2.2,+3.0
Troy,97,67.2,74.3,74.0,69.6,66.1,67.1,217,68.9,60.7,65.0,77.0,64.9,67.1,125,32.7%,39.6%,30.0%,34.3%,31.8%,33.1%,311,30.9%,27.5%,22.7%,33.7%,29.4%,32.3%,88,2.4,0.7,-2.0,5.1,1.1,+0.1,209,-0.7,-14.3,-7.0,2.6,-2.3,-0.4
Nevada,98,67.3,76.0,66.0,67.0,67.5,74.1,118,72.4,78.0,75.0,77.4,68.3,71.7,178,33.9%,36.4%,30.4%,32.4%,35.0%,35.9%,228,32.9%,29.3%,29.4%,32.6%,33.2%,33.0%,38,4.3,0.7,11.0,7.4,1.8,+0.3,142,1.1,0.3,-2.0,2.7,-0.3,-2.7
Indiana,99,67.3,64.3,66.0,62.2,73.5,66.2,31,77.5,67.3,55.0,83.6,70.3,70.8,130,32.9%,22.7%,22.7%,29.8%,36.2%,33.0%,20,38.0%,37.8%,27.3%,41.7%,33.3%,33.3%,18,5.6,-0.7,-3.0,11.8,-1.9,-0.3,50,4.6,3.7,-8.0,9.6,-1.3,+5.3
Weber State,100,67.4,62.7,75.0,65.3,68.2,71.7,313,65.1,64.7,71.0,68.8,63.5,75.2,246,35.1%,30.9%,35.5%,31.1%,36.7%,38.1%,195,33.6%,40.0%,37.5%,33.0%,33.8%,34.6%,129,1.3,-0.7,1.0,-1.5,2.5,+2.8,287,-3.6,2.7,-5.0,5.0,-7.2,+0.8
UC Irvine,101,67.4,59.3,60.0,67.3,67.5,61.4,98,73.7,72.7,76.0,72.6,74.4,63.9,71,31.5%,27.4%,25.7%,26.0%,34.7%,26.4%,29,37.8%,36.7%,30.4%,33.6%,40.6%,32.1%,95,2.2,14.0,20.0,-0.8,4.2,+1.0,58,4.1,-0.7,-4.0,6.1,2.8,+1.5
Texas Tech,102,67.5,73.7,77.0,67.6,67.2,60.6,73,74.8,72.3,80.0,78.5,69.4,72.1,126,32.7%,31.8%,33.3%,32.0%,34.0%,31.5%,170,34.2%,32.8%,26.1%,34.1%,34.3%,32.1%,99,2.0,2.3,17.0,6.8,-4.9,+4.4,37,5.4,-4.7,-17.0,4.2,7.1,+7.0
VA Tech,102,67.5,79.0,92.0,63.5,72.2,62.8,94,73.9,82.0,83.0,77.6,69.4,70.8,111,32.3%,40.0%,42.1%,31.4%,33.3%,32.3%,105,35.4%,44.1%,41.2%,39.3%,30.2%,39.2%,196,-0.5,-5.3,-8.0,2.8,-4.3,+2.4,12,7.1,8.3,-1.0,11.3,2.0,+5.6
Creighton,104,67.5,65.3,53.0,62.9,72.2,66.4,34,77.3,83.7,63.0,81.5,73.1,69.2,171,33.8%,34.2%,27.3%,31.7%,35.6%,31.7%,132,34.8%,33.8%,27.6%,36.5%,32.8%,30.8%,52,3.5,4.7,-4.0,5.1,2.0,+0.7,20,6.2,13.7,14.0,13.5,-1.1,+1.9
Navy,104,67.5,51.0,34.0,66.3,68.4,60.8,224,68.7,61.7,53.0,69.4,68.2,64.2,229,34.9%,25.8%,19.0%,36.2%,34.0%,33.2%,10,38.7%,33.3%,28.6%,38.5%,38.8%,32.3%,209,-0.8,6.0,12.0,-4.3,1.6,+0.7,130,1.5,4.7,7.0,6.4,-2.0,+2.6
UMKC,104,67.5,62.7,67.0,59.9,72.8,71.0,318,64.8,66.7,66.0,63.9,65.4,70.7,161,33.6%,30.8%,40.0%,30.6%,35.4%,33.6%,361,26.9%,17.2%,15.8%,22.5%,29.8%,35.8%,179,-0.1,8.0,6.0,4.7,-3.5,-0.8,258,-2.5,-4.0,-7.0,-0.7,-3.8,+0.6
St Fran (NY),107,67.6,54.3,48.0,64.2,70.6,71.2,336,62.4,63.0,53.0,66.3,58.9,65.7,361,40.5%,41.4%,38.5%,40.1%,40.7%,33.3%,61,36.2%,39.0%,26.7%,39.5%,33.2%,31.3%,250,-1.7,5.7,4.0,-0.4,-2.9,-2.7,282,-3.4,3.0,1.0,2.5,-8.8,-3.0
Ohio State,108,67.6,73.3,65.0,61.8,73.4,67.7,54,75.9,63.3,60.0,79.5,72.2,72.8,30,30.2%,30.9%,30.0%,30.2%,30.2%,33.8%,28,37.8%,30.2%,28.6%,40.6%,35.0%,36.5%,20,5.5,3.3,11.0,11.8,-0.9,+2.2,77,3.2,-13.3,-16.0,5.9,0.5,+2.3
Vermont,109,67.6,64.0,68.0,65.8,68.3,61.1,238,68.0,79.7,74.0,75.2,65.1,74.6,205,34.3%,37.8%,28.6%,36.2%,33.6%,34.4%,176,34.0%,36.3%,25.0%,34.4%,33.8%,36.8%,288,-2.7,3.7,-5.0,2.2,-4.7,+5.1,70,3.5,12.0,11.0,7.2,2.1,+8.5
Mass Lowell,110,67.7,64.7,50.0,64.9,70.0,67.9,74,74.7,67.0,66.0,77.3,72.6,67.5,269,35.6%,44.0%,42.1%,33.7%,37.5%,37.0%,65,36.1%,31.5%,26.1%,37.7%,34.5%,30.2%,146,0.6,-6.3,-7.0,1.4,-0.1,+3.2,16,6.5,8.7,23.0,11.0,2.8,-3.3
Texas,110,67.7,76.0,71.0,68.4,66.4,60.6,17,79.9,78.7,76.0,85.8,69.5,68.8,128,32.8%,31.0%,30.8%,31.6%,34.7%,31.9%,204,33.3%,39.0%,36.4%,35.0%,29.9%,33.0%,6,7.0,3.3,3.0,9.9,1.9,+3.2,38,5.3,-0.7,2.0,7.1,2.1,+5.1
TX El Paso,112,67.7,67.7,84.0,61.8,74.9,67.3,288,66.1,57.7,72.0,67.0,64.9,68.1,44,30.7%,34.0%,37.5%,26.0%,36.9%,33.2%,363,26.1%,15.0%,11.1%,25.5%,26.8%,34.7%,249,-1.7,-2.0,-5.0,0.9,-4.9,+0.7,190,-0.1,-8.0,-7.0,3.5,-4.4,+0.1
Mississippi,113,67.7,82.0,75.0,67.4,68.2,68.7,261,67.1,67.7,66.0,70.4,62.3,68.1,265,35.5%,47.5%,50.0%,37.0%,32.9%,32.3%,338,29.8%,28.8%,21.1%,30.5%,28.7%,32.6%,163,0.2,-8.7,-9.0,1.8,-2.1,-1.0,214,-0.9,-5.7,0.0,1.2,-3.8,+0.9
Georgia St,114,67.8,78.0,60.0,64.3,73.0,68.2,323,64.0,62.7,64.0,67.3,59.0,68.5,170,33.7%,38.7%,35.3%,32.9%,35.1%,37.5%,356,28.2%,22.8%,27.8%,31.3%,24.0%,32.4%,182,-0.2,-0.7,6.0,0.3,-0.8,-0.6,293,-3.8,-14.7,-2.0,2.6,-13.3,+1.1
Brown,114,67.8,82.0,80.0,68.8,66.7,70.7,237,68.1,82.7,73.0,71.3,64.9,69.3,235,35.0%,38.1%,26.9%,36.6%,33.3%,33.9%,156,34.4%,35.7%,33.3%,34.3%,34.5%,31.7%,208,-0.8,-0.7,-9.0,0.7,-2.3,-1.7,136,1.3,1.3,2.0,2.0,0.5,+0.3
Iona,116,67.8,72.7,72.0,61.8,71.5,68.6,59,75.4,71.7,78.0,77.9,73.8,75.2,27,30.0%,29.9%,33.3%,25.8%,32.7%,30.2%,223,33.0%,31.0%,33.3%,35.0%,31.8%,33.2%,71,2.9,-2.7,23.0,7.4,0.2,+3.7,53,4.3,-1.0,-17.0,8.8,1.6,+2.8
Kansas,117,68.0,73.7,78.0,66.5,69.7,67.3,44,76.6,78.7,90.0,78.6,74.2,78.2,77,31.7%,28.1%,33.3%,31.5%,31.9%,29.8%,67,36.1%,35.5%,40.7%,38.0%,33.9%,36.1%,72,2.9,1.0,0.0,5.1,0.2,+5.4,33,5.8,4.0,12.0,7.0,4.3,+5.4
Geo Mason,118,68.0,70.0,59.0,66.2,70.3,68.5,168,70.8,66.0,70.0,75.6,64.5,70.7,38,30.6%,29.2%,23.1%,29.0%,33.3%,34.4%,44,36.6%,35.7%,35.0%,36.9%,36.2%,35.8%,56,3.4,1.0,8.0,6.7,-0.8,+1.5,213,-0.8,-5.0,3.0,2.4,-5.0,+0.6
Pittsburgh,118,68.0,70.3,64.0,67.1,69.2,68.1,93,73.9,72.3,65.0,75.3,72.0,61.5,70,31.5%,32.4%,18.5%,33.6%,29.2%,36.8%,122,35.1%,43.6%,36.8%,33.5%,37.4%,31.4%,40,4.3,0.0,0.0,8.1,-0.7,-0.2,124,1.6,2.0,1.0,0.2,3.5,-6.3
Rob Morris,120,68.0,68.3,65.0,67.9,68.1,75.5,289,66.0,68.3,52.0,68.5,64.6,68.4,323,37.0%,36.2%,31.8%,35.3%,38.0%,36.9%,253,32.5%,33.3%,26.3%,30.6%,33.7%,32.9%,239,-1.4,1.3,-8.0,1.3,-2.9,-3.7,206,-0.6,-1.3,-5.0,-0.6,-0.6,-2.9
Cincinnati,120,68.0,68.3,55.0,66.3,70.6,66.2,56,75.7,72.7,81.0,80.6,68.6,69.4,63,31.3%,30.0%,22.2%,29.4%,34.7%,31.2%,83,35.7%,32.9%,32.1%,33.9%,38.2%,31.4%,93,2.4,-0.7,8.0,6.9,-4.2,+1.2,38,5.3,5.0,18.0,7.4,2.2,+2.0
Rider,122,68.1,62.0,69.0,65.3,69.3,69.7,223,68.7,71.0,78.0,69.8,68.2,67.3,264,35.4%,28.0%,25.0%,39.2%,33.6%,34.5%,286,31.7%,30.8%,29.4%,34.9%,30.3%,31.6%,96,2.2,9.7,8.0,1.8,2.3,-0.8,243,-2.0,-3.7,-8.0,2.7,-4.2,-1.1
Temple,123,68.1,67.0,70.0,71.0,64.9,66.4,202,69.4,70.7,77.0,74.1,64.4,66.8,43,30.7%,33.9%,37.5%,34.7%,26.0%,29.4%,292,31.5%,32.9%,34.8%,31.8%,31.1%,31.1%,220,-1.1,-2.0,-7.0,1.5,-3.9,+2.2,105,2.2,2.3,7.0,1.8,2.7,-1.7
Georgia,124,68.1,80.7,94.0,62.3,75.1,78.5,184,70.3,65.0,73.0,71.7,68.6,69.8,25,30.0%,36.4%,36.0%,30.2%,29.7%,34.9%,172,34.1%,33.8%,41.2%,35.4%,32.7%,32.1%,171,0.0,-5.7,-3.0,4.4,-5.3,-3.4,108,2.0,-11.0,-18.0,4.8,-1.2,-5.3
Butler,125,68.1,78.3,70.0,64.8,71.8,67.8,262,67.1,54.3,49.0,71.3,62.5,63.1,87,31.8%,35.2%,38.9%,31.4%,32.4%,31.1%,118,35.1%,32.7%,23.5%,38.9%,31.4%,29.7%,194,-0.4,-6.7,-1.0,2.7,-3.8,-2.9,207,-0.6,-17.3,-20.0,3.9,-5.5,-2.1
California,126,68.3,67.3,59.0,67.6,69.2,66.1,356,59.6,46.7,46.0,60.8,57.8,63.1,141,33.2%,40.6%,27.8%,32.1%,34.9%,30.9%,329,30.1%,25.5%,36.4%,33.0%,26.1%,30.8%,315,-3.7,-14.0,-16.0,-1.6,-6.8,-2.4,322,-4.8,-6.7,3.0,-5.2,-4.3,-0.8
Illinois St,127,68.3,69.0,62.0,69.1,67.5,75.2,282,66.3,71.7,68.0,70.5,62.1,73.7,154,33.5%,33.8%,32.0%,34.3%,32.8%,34.3%,200,33.5%,39.3%,33.3%,36.1%,30.6%,36.9%,178,-0.1,-4.0,-11.0,0.9,-1.2,+1.5,249,-2.3,6.0,11.0,-0.8,-3.7,-3.1
Kansas St,128,68.3,73.3,90.0,60.0,78.3,67.5,38,77.2,72.7,78.0,75.2,79.6,69.0,13,29.2%,30.8%,40.7%,25.8%,33.2%,30.2%,101,35.4%,37.0%,33.3%,33.3%,38.1%,34.6%,42,4.2,-4.3,0.0,7.8,-0.2,+0.9,63,3.9,3.7,-12.0,6.8,0.4,+0.5
S Alabama,129,68.4,62.7,62.0,63.4,71.5,65.7,235,68.1,74.3,82.0,65.9,69.5,69.6,39,30.6%,31.0%,16.7%,28.0%,32.2%,32.6%,248,32.6%,37.9%,36.8%,32.1%,32.8%,34.2%,228,-1.2,4.7,6.0,1.5,-2.9,+2.9,139,1.2,7.0,14.0,1.0,1.3,+1.0
BYU,130,68.4,66.7,61.0,65.3,71.7,69.0,109,73.0,73.0,89.0,73.5,72.5,73.8,188,34.1%,39.7%,36.0%,34.5%,33.6%,30.5%,246,32.6%,38.2%,50.0%,33.2%,31.9%,34.6%,66,3.0,3.3,10.0,3.5,2.5,+3.6,133,1.4,3.0,18.0,4.7,-2.1,+1.4
E Tenn St,131,68.4,65.3,52.0,69.8,67.0,73.2,234,68.2,69.3,77.0,66.7,69.6,70.8,82,31.8%,32.2%,14.3%,36.6%,27.0%,34.2%,308,31.0%,31.3%,39.1%,30.7%,31.3%,35.1%,162,0.3,0.7,15.0,-2.6,3.2,-3.8,199,-0.3,4.7,10.0,-0.5,-0.2,+1.6
LSU,132,68.5,74.3,87.0,66.2,71.8,63.4,263,67.0,61.7,77.0,68.0,65.7,72.6,92,31.9%,50.0%,48.1%,31.0%,33.2%,28.2%,204,33.3%,30.9%,33.3%,31.5%,36.2%,31.6%,198,-0.5,2.3,3.0,-1.5,1.0,+4.0,218,-1.0,-15.0,-13.0,3.3,-7.1,+4.9
Nebraska,133,68.6,77.3,72.0,64.6,71.6,78.5,308,65.4,60.7,56.0,70.3,61.7,73.3,106,32.2%,29.3%,17.2%,31.9%,32.4%,34.7%,309,31.0%,39.0%,40.0%,34.1%,28.2%,32.0%,197,-0.5,-8.7,-15.0,4.4,-4.2,-3.2,265,-2.6,-8.0,-1.0,1.6,-5.8,-1.7
N Iowa,134,68.6,77.7,88.0,65.6,71.6,71.5,204,69.4,76.3,81.0,69.4,69.5,73.8,191,34.1%,30.2%,24.1%,31.8%,36.2%,35.6%,148,34.5%,37.1%,38.7%,35.0%,33.9%,35.1%,156,0.5,-6.3,-5.0,1.3,-0.4,+1.0,160,0.6,7.3,5.0,2.5,-1.2,+1.2
Bellarmine,135,68.7,78.0,90.0,69.5,68.2,70.4,338,62.3,73.0,84.0,66.4,59.8,68.0,290,35.9%,34.2%,38.5%,36.4%,35.6%,35.0%,247,32.6%,35.1%,30.8%,32.8%,32.5%,34.2%,311,-3.5,-1.7,1.0,0.8,-6.1,-2.2,261,-2.6,-1.3,-1.0,-3.1,-2.2,-0.3
Middle Tenn,135,68.7,79.7,72.0,64.3,71.4,68.0,189,70.0,75.0,84.0,71.6,69.1,73.6,280,35.8%,38.2%,11.1%,32.6%,37.5%,31.0%,179,34.0%,37.9%,37.5%,36.1%,32.7%,33.1%,184,-0.2,-2.7,5.0,2.1,-1.6,+4.1,144,1.0,-2.0,7.0,5.1,-1.5,+1.6
Alabama,137,68.7,66.7,44.0,61.7,75.6,76.5,4,83.3,78.7,101.0,87.5,79.2,79.5,2,26.1%,25.9%,10.0%,24.7%,27.5%,33.8%,155,34.4%,33.0%,46.3%,35.2%,33.4%,30.9%,3,8.1,10.7,29.0,13.9,2.4,+0.6,18,6.4,1.3,28.0,11.8,1.0,+2.5
Villanova,137,68.7,64.0,73.0,66.9,69.7,62.7,188,70.1,62.0,64.0,72.8,68.6,71.7,244,35.0%,33.3%,37.0%,36.5%,34.3%,30.8%,197,33.5%,33.8%,40.7%,36.1%,32.2%,35.9%,120,1.5,-3.3,-10.0,2.4,0.9,+4.2,183,0.1,1.3,1.0,3.5,-1.9,+5.1
Minnesota,139,68.7,77.3,90.0,66.2,72.1,69.2,344,61.8,57.7,55.0,62.1,61.4,67.0,247,35.1%,42.6%,50.0%,31.9%,39.5%,33.7%,322,30.5%,22.1%,20.0%,32.3%,28.5%,36.8%,305,-3.2,-9.7,-25.0,-2.8,-3.7,-1.0,290,-3.7,-10.0,-10.0,-1.1,-7.1,-1.5
Campbell,139,68.7,69.3,66.0,70.3,67.5,63.6,273,66.7,71.7,78.0,63.7,68.9,64.5,222,34.6%,32.0%,28.0%,38.4%,32.1%,35.3%,227,32.9%,36.4%,61.5%,31.8%,33.9%,33.0%,161,0.3,2.0,4.0,-3.2,3.0,-2.3,261,-2.6,0.3,8.0,-3.7,-1.8,+3.2
Montana,141,68.8,67.0,67.0,63.0,73.6,69.7,225,68.6,63.3,69.0,70.4,67.2,69.4,89,31.9%,32.7%,31.8%,27.0%,35.8%,37.5%,91,35.5%,36.4%,25.0%,34.5%,36.6%,33.9%,265,-2.0,-7.0,-1.0,0.6,-4.1,-1.0,114,1.9,3.3,3.0,6.8,-2.3,+0.9
Mercer,141,68.8,67.0,69.0,67.4,69.6,71.9,297,65.8,64.7,49.0,63.5,67.1,69.6,194,34.1%,28.6%,20.0%,38.0%,32.1%,34.9%,240,32.7%,21.7%,16.7%,27.3%,35.7%,35.3%,215,-1.0,4.3,0.0,1.1,-2.1,-2.8,248,-2.1,-8.0,-20.0,-5.5,-0.2,+0.7
Central Conn,143,68.8,63.7,53.0,65.0,71.6,72.1,320,64.4,65.7,48.0,67.4,62.2,61.8,241,35.0%,32.8%,26.7%,30.8%,38.3%,34.8%,224,33.0%,35.6%,38.5%,35.5%,31.3%,34.2%,243,-1.5,1.0,-4.0,3.0,-4.8,-2.0,273,-2.9,1.0,-1.0,-0.6,-4.6,-8.4
GA Southern,144,68.9,76.0,64.0,65.0,71.8,67.6,272,66.7,71.3,60.0,66.0,67.3,63.6,274,35.7%,35.1%,27.8%,33.9%,37.0%,33.0%,326,30.3%,39.2%,35.3%,28.2%,31.9%,29.2%,336,-5.0,-13.3,-6.0,-2.3,-6.9,-4.8,81,3.1,8.7,2.0,4.0,2.4,+0.5
Boston U,145,68.9,70.7,82.0,68.2,69.3,67.9,301,65.7,58.7,70.0,70.3,62.7,70.1,218,34.6%,40.0%,59.1%,39.5%,31.4%,33.5%,299,31.2%,16.9%,17.6%,33.9%,29.2%,34.9%,138,0.9,-3.0,6.0,2.0,0.2,+0.4,295,-3.8,-9.0,-18.0,-0.3,-6.0,+2.1
Davidson,146,68.9,64.0,61.0,67.8,69.9,66.1,221,68.7,64.3,59.0,69.3,68.2,74.6,76,31.7%,27.7%,0.0%,33.7%,30.1%,33.6%,315,30.7%,36.9%,43.8%,30.5%,31.0%,38.5%,134,1.1,-1.3,-4.0,2.0,0.3,+4.3,228,-1.4,1.7,2.0,-0.3,-2.5,+4.0
Providence,147,68.9,69.3,85.0,66.8,71.2,66.2,25,78.6,77.3,83.0,84.1,72.6,71.5,110,32.3%,33.8%,34.8%,35.7%,27.7%,30.0%,153,34.4%,36.4%,45.0%,37.1%,31.4%,34.4%,22,5.4,7.7,4.0,10.0,0.5,+3.0,57,4.1,1.0,-4.0,6.8,1.2,+2.0
UNLV,148,69.0,68.3,71.0,68.5,69.5,66.3,90,74.0,79.0,83.0,73.4,74.6,68.9,279,35.8%,38.8%,29.4%,37.0%,34.3%,31.9%,159,34.4%,43.1%,40.7%,31.7%,37.7%,33.2%,77,2.7,3.7,3.0,3.3,2.1,+1.5,99,2.5,7.0,9.0,1.7,3.3,+1.1
Arkansas St,148,69.0,72.7,82.0,69.8,67.8,68.8,341,62.0,56.7,62.0,66.8,55.7,69.1,349,38.5%,35.4%,36.8%,41.3%,35.2%,33.3%,250,32.5%,28.0%,16.7%,36.4%,27.1%,31.9%,284,-2.5,-7.3,-6.0,1.8,-8.3,+3.5,299,-4.0,-8.7,-14.0,-4.1,-3.8,-3.1
Col Charlestn,150,69.0,72.0,70.0,68.4,69.8,76.4,22,78.9,79.0,69.0,79.7,77.9,78.2,85,31.8%,32.3%,13.3%,33.5%,29.5%,34.1%,265,32.2%,24.1%,21.7%,31.4%,33.3%,33.9%,145,0.6,-1.7,-9.0,2.6,-2.0,-0.1,4,9.1,8.7,8.0,8.5,9.9,+1.9
Fla Gulf Cst,151,69.1,83.0,91.0,67.1,70.1,74.7,205,69.4,75.3,87.0,73.0,67.5,76.5,156,33.6%,40.0%,43.3%,30.6%,35.1%,33.7%,139,34.6%,41.7%,43.8%,36.7%,33.5%,35.1%,107,1.9,-9.0,-7.0,4.6,0.4,+0.7,237,-1.8,1.3,3.0,1.3,-3.4,+0.4
Boston Col,151,69.1,65.0,54.0,65.7,72.8,68.1,299,65.7,64.7,62.0,67.0,64.4,66.9,332,37.5%,35.0%,28.6%,34.2%,41.2%,36.4%,343,29.4%,30.8%,25.0%,26.2%,34.0%,30.9%,206,-0.7,2.0,1.0,2.5,-4.3,+0.6,266,-2.7,-2.3,7.0,-1.3,-4.2,-1.6
Sac State,153,69.1,67.3,82.0,68.0,69.8,71.2,255,67.2,65.0,63.0,70.4,65.3,64.5,243,35.0%,43.6%,41.2%,35.4%,34.8%,34.2%,54,36.4%,37.0%,34.6%,40.4%,34.0%,35.1%,148,0.6,-0.7,-20.0,0.8,0.5,-3.4,255,-2.4,-1.7,1.0,1.4,-4.8,-3.3
TX-Arlington,154,69.1,77.0,74.0,69.0,69.2,69.3,351,60.8,73.0,66.0,62.6,59.8,64.8,334,37.5%,48.1%,46.2%,35.8%,38.2%,35.5%,330,30.1%,45.5%,42.9%,28.9%,30.8%,31.0%,333,-4.8,-4.7,-3.0,-5.4,-4.4,-1.7,286,-3.5,0.7,-5.0,-1.0,-5.0,-2.3
Seattle,155,69.1,72.3,83.0,64.0,72.3,67.5,159,71.1,57.7,68.0,72.5,70.3,73.5,48,31.0%,52.4%,50.0%,25.1%,35.0%,31.3%,312,30.9%,23.4%,32.1%,35.4%,28.4%,33.1%,92,2.4,-8.3,-20.0,6.9,-0.4,+2.3,203,-0.5,-6.3,5.0,1.6,-1.8,+3.6
Bucknell,156,69.2,71.3,71.0,64.6,72.1,79.4,283,66.3,63.3,78.0,63.7,67.9,71.2,260,35.3%,34.8%,26.7%,38.2%,33.1%,37.3%,215,33.1%,35.9%,69.2%,29.7%,35.4%,37.6%,202,-0.6,-9.0,-5.0,1.4,-1.9,-5.7,236,-1.7,1.0,12.0,-1.7,-1.8,-2.8
Marshall,157,69.3,69.7,58.0,67.6,72.0,77.7,12,81.3,83.7,66.0,83.3,78.3,73.0,85,31.8%,31.1%,31.6%,31.0%,33.2%,35.3%,217,33.1%,32.5%,25.0%,32.1%,34.7%,30.1%,27,5.0,2.0,1.0,8.0,0.4,-0.1,14,6.8,13.3,7.0,8.0,4.9,-4.6
Baylor,158,69.4,69.7,76.0,65.2,74.4,64.1,27,78.5,71.0,71.0,84.1,71.7,77.0,131,32.9%,30.9%,36.4%,28.9%,37.2%,30.2%,95,35.5%,31.1%,30.8%,37.2%,33.3%,34.3%,51,3.6,1.7,-3.0,8.5,-2.2,+7.4,35,5.5,-0.3,-2.0,10.6,-0.5,+5.7
Cal St Nrdge,159,69.5,70.7,81.0,71.5,68.1,71.2,355,60.1,60.7,56.0,66.3,56.0,60.6,212,34.4%,44.8%,45.0%,33.3%,35.2%,33.2%,333,30.0%,29.6%,18.8%,34.8%,26.2%,30.2%,342,-5.3,-5.7,-18.0,-2.8,-7.0,-4.8,312,-4.2,-5.3,-7.0,-2.9,-5.1,-5.9
W Virginia,160,69.5,71.3,76.0,68.3,70.9,69.0,41,76.9,76.0,72.0,77.9,75.6,68.5,95,32.0%,22.4%,20.0%,35.3%,27.5%,32.4%,131,34.8%,32.5%,27.3%,36.0%,33.3%,32.8%,102,2.0,-1.0,0.0,1.9,2.0,-1.2,34,5.7,5.7,-4.0,7.8,3.3,+0.7
SIU Edward,161,69.5,70.0,75.0,66.6,71.2,72.4,155,71.3,69.0,89.0,70.5,71.8,66.7,109,32.3%,27.8%,22.2%,34.1%,31.2%,33.0%,298,31.2%,25.4%,23.8%,34.1%,29.4%,29.3%,133,1.1,-5.0,-8.0,-0.3,2.0,-2.3,157,0.7,4.0,22.0,4.1,-1.5,-3.0
Stony Brook,161,69.5,70.7,69.0,67.9,70.5,73.7,348,61.0,66.7,55.0,62.9,59.9,72.5,268,35.6%,44.4%,40.9%,38.0%,34.3%,33.6%,327,30.3%,33.8%,29.6%,33.1%,28.7%,34.0%,314,-3.7,11.0,10.0,1.5,-6.9,-3.1,321,-4.7,-15.0,-24.0,-6.5,-3.6,+2.1
Michigan,163,69.5,69.7,51.0,65.6,73.5,69.4,106,73.2,66.3,68.0,73.6,72.7,72.6,74,31.6%,34.4%,15.8%,27.1%,37.3%,32.4%,165,34.3%,32.8%,35.0%,34.7%,33.9%,33.9%,109,1.9,4.0,16.0,0.8,2.9,+0.7,111,2.0,-7.3,1.0,6.8,-2.8,+2.5
Utah Val St,164,69.6,73.3,69.0,68.9,70.0,65.7,78,74.5,73.3,76.0,79.0,72.3,69.7,105,32.2%,37.9%,40.0%,33.8%,31.3%,29.0%,199,33.5%,40.0%,45.5%,37.4%,31.0%,36.8%,97,2.1,-1.3,11.0,2.4,2.0,+0.4,93,2.7,1.3,-4.0,7.7,0.2,+2.6
Prairie View,165,69.7,65.7,74.0,62.4,72.1,76.3,317,64.9,67.7,89.0,64.0,65.2,69.5,100,32.1%,27.4%,17.4%,29.2%,33.0%,35.7%,359,27.9%,28.3%,35.3%,25.3%,28.8%,34.5%,258,-1.9,2.7,6.0,1.6,-3.0,-4.7,276,-3.2,-5.3,-6.0,1.8,-4.8,-1.9
Maryland ES,166,69.7,63.7,58.0,66.6,70.8,68.7,303,65.6,75.0,72.0,75.6,61.7,62.8,81,31.8%,32.3%,22.2%,33.6%,31.0%,33.7%,147,34.5%,35.7%,42.9%,41.6%,31.7%,31.2%,144,0.6,15.3,13.0,4.8,-1.0,-3.5,330,-5.1,-4.0,1.0,4.2,-8.7,-2.6
Rhode Island,167,69.7,68.0,64.0,71.3,67.9,65.3,270,66.8,65.7,50.0,71.4,61.2,67.0,103,32.1%,34.8%,24.0%,31.6%,32.8%,32.6%,337,29.8%,26.9%,7.7%,31.5%,27.7%,33.8%,175,0.0,3.0,-4.0,1.7,-2.1,0.0,272,-2.9,-5.3,-10.0,-1.7,-4.4,+1.7
NC State,168,69.8,75.0,66.0,68.0,72.1,75.6,16,79.9,86.0,94.0,85.1,73.2,73.0,45,30.8%,36.5%,30.0%,32.6%,28.4%,35.9%,111,35.3%,45.6%,60.0%,37.6%,31.6%,34.1%,104,1.9,6.7,6.0,4.0,-0.8,-0.7,8,8.1,4.3,22.0,12.9,1.9,-1.8
Hofstra,169,69.8,72.7,72.0,68.0,70.6,74.4,113,72.8,81.0,76.0,79.4,69.9,76.8,119,32.5%,25.9%,33.3%,34.4%,31.7%,38.3%,33,37.1%,45.2%,39.3%,41.9%,35.0%,33.8%,91,2.4,10.7,7.0,6.0,0.8,-0.9,155,0.8,-2.3,-3.0,5.4,-1.3,+3.4
Tarleton State,170,69.9,70.3,62.0,64.7,72.9,65.8,277,66.6,67.7,81.0,73.3,62.7,63.1,285,35.9%,40.3%,40.0%,32.1%,38.2%,32.9%,261,32.3%,32.4%,58.3%,44.7%,25.3%,30.9%,343,-5.4,-13.3,-5.0,-3.3,-6.6,-3.6,107,2.1,10.7,24.0,11.9,-3.7,+0.7
James Mad,171,70.0,62.3,73.0,67.0,71.8,75.1,24,78.9,70.3,78.0,82.3,76.8,72.1,60,31.2%,31.4%,34.6%,31.7%,31.0%,33.7%,134,34.8%,32.9%,50.0%,36.8%,33.5%,34.2%,31,4.8,2.3,-3.0,3.1,5.8,-2.1,51,4.4,5.7,8.0,12.1,-0.3,-0.8
Indiana St,172,70.0,68.7,65.0,68.0,71.5,73.6,43,76.6,76.7,83.0,77.4,76.0,68.2,99,32.1%,34.0%,26.3%,30.1%,33.5%,36.1%,203,33.4%,42.3%,50.0%,34.3%,32.6%,32.0%,149,0.6,13.7,17.0,0.8,0.4,-4.6,21,6.2,-5.7,1.0,8.6,4.4,-0.4
E Carolina,173,70.0,74.0,71.0,68.8,71.4,70.9,210,69.2,70.3,63.0,71.9,66.3,68.8,183,34.0%,40.0%,43.5%,35.3%,32.5%,35.3%,297,31.3%,29.6%,23.5%,31.5%,31.0%,33.3%,158,0.4,9.7,6.0,5.3,-4.9,-2.4,224,-1.3,-13.3,-14.0,-2.3,-0.2,+0.2
Morehead St,174,70.1,55.7,45.0,65.6,73.7,64.4,304,65.6,65.0,64.0,70.2,61.7,68.6,90,31.9%,26.8%,16.7%,29.1%,33.8%,32.6%,161,34.3%,33.9%,31.8%,36.7%,32.4%,35.8%,344,-5.4,6.0,10.0,-0.7,-9.3,+1.4,149,0.9,3.3,9.0,5.3,-2.7,+2.8
Miami (FL),175,70.1,72.3,83.0,70.7,69.5,70.4,28,78.3,82.0,92.0,82.2,73.7,73.9,108,32.3%,31.1%,41.2%,33.6%,30.7%,34.5%,76,35.9%,46.6%,42.1%,37.8%,33.3%,33.9%,41,4.2,-1.0,8.0,7.4,0.4,+1.4,60,4.0,10.7,1.0,4.1,4.0,+2.2
NC-Asheville,175,70.1,69.3,63.0,63.0,74.2,71.3,125,72.3,85.0,89.0,72.3,72.4,72.0,47,31.0%,33.8%,24.0%,32.1%,30.2%,29.0%,8,38.8%,46.9%,45.5%,41.3%,37.7%,34.1%,122,1.4,2.3,11.0,7.1,-1.9,+0.7,184,0.0,10.7,15.0,1.1,-0.6,+0.3
San Francisco,177,70.2,74.3,68.0,67.2,73.7,67.5,77,74.5,78.3,59.0,75.5,73.4,76.3,69,31.5%,32.2%,23.5%,28.0%,35.5%,28.9%,68,36.0%,39.1%,26.3%,38.3%,33.6%,34.3%,127,1.3,2.7,0.0,1.2,1.5,+2.8,85,3.0,1.3,-9.0,7.2,-1.9,+6.2
Ball State,178,70.2,73.3,60.0,67.3,71.8,77.4,107,73.1,73.7,69.0,71.0,74.2,74.0,324,37.0%,42.1%,36.4%,36.4%,37.3%,36.3%,26,37.9%,42.0%,38.9%,34.1%,39.8%,35.7%,121,1.5,-3.7,-5.0,2.6,0.8,-3.5,132,1.5,4.0,14.0,1.1,1.6,+0.2
Lipscomb,179,70.3,72.3,60.0,67.3,72.5,76.9,136,72.0,68.3,66.0,76.1,68.8,71.8,145,33.3%,37.8%,30.8%,26.9%,38.5%,37.5%,169,34.2%,34.5%,30.0%,34.5%,34.0%,34.0%,176,0.0,3.7,0.0,3.1,-2.4,-3.1,111,2.0,-7.7,6.0,6.3,-1.3,-2.0
Oral Roberts,180,70.3,59.3,53.0,64.6,76.0,77.8,8,82.8,92.7,103.0,87.4,78.2,81.5,185,34.0%,20.0%,24.1%,31.4%,37.1%,34.4%,13,38.6%,41.5%,48.6%,42.4%,35.2%,37.2%,1,10.0,21.7,21.0,12.9,7.0,+2.5,96,2.6,11.7,29.0,9.9,-4.8,+1.3
S Dakota St,181,70.3,73.3,73.0,70.3,70.3,74.3,230,68.3,78.7,96.0,79.6,63.4,84.7,88,31.9%,28.2%,31.3%,31.8%,31.9%,35.2%,167,34.2%,45.3%,58.3%,44.0%,29.2%,43.7%,189,-0.3,-3.0,14.0,5.4,-2.9,+1.8,221,-1.2,11.0,9.0,3.9,-3.4,+8.4
Colgate,182,70.4,57.0,63.0,68.9,71.4,67.6,39,77.1,69.7,76.0,75.4,78.2,75.0,288,35.9%,22.1%,26.3%,36.9%,35.3%,33.7%,3,40.1%,39.7%,50.0%,39.5%,40.5%,40.3%,50,3.7,6.3,3.0,7.4,1.2,+3.3,82,3.1,6.3,10.0,-0.9,5.6,+4.2
IPFW,183,70.4,75.7,73.0,71.2,69.8,70.5,121,72.4,79.0,82.0,76.0,69.8,71.6,11,28.8%,22.2%,13.8%,30.4%,27.8%,35.4%,178,34.0%,38.1%,42.9%,33.7%,34.2%,36.4%,165,0.2,4.7,2.0,0.7,-0.2,-1.1,126,1.5,-1.3,7.0,3.4,0.2,+2.4
Northeastrn,184,70.4,80.0,81.0,67.0,72.5,69.1,284,66.2,67.3,78.0,64.8,67.2,64.3,251,35.1%,41.1%,50.0%,33.6%,36.2%,34.3%,154,34.4%,31.2%,42.3%,31.8%,36.0%,32.0%,261,-1.9,-4.7,3.0,0.9,-3.6,-3.5,253,-2.4,-8.0,-6.0,-3.1,-1.9,-1.3
Washington,185,70.5,77.0,70.0,70.5,70.6,72.3,201,69.5,67.3,61.0,72.3,64.9,70.6,23,29.9%,32.9%,28.6%,31.1%,27.8%,33.5%,278,32.0%,31.5%,30.8%,32.6%,31.1%,31.2%,164,0.2,-8.7,7.0,1.3,-1.6,+0.3,234,-1.6,-2.0,-16.0,0.2,-4.6,-2.0
Duquesne,185,70.5,70.0,87.0,67.9,76.1,73.4,83,74.2,69.7,79.0,75.9,70.6,65.2,257,35.2%,32.8%,33.3%,33.2%,38.7%,39.8%,58,36.2%,27.5%,26.9%,36.9%,34.9%,30.5%,171,0.0,4.0,-2.0,2.8,-6.0,-4.0,66,3.7,-4.3,-6.0,5.3,0.4,-3.8
NC Central,187,70.5,69.0,77.0,62.3,75.0,71.8,209,69.2,65.3,71.0,70.2,68.7,67.9,238,35.0%,38.9%,55.6%,30.1%,37.6%,32.9%,138,34.7%,19.3%,20.0%,34.0%,35.0%,31.0%,112,1.8,-6.0,1.0,1.7,1.9,+0.7,257,-2.5,2.3,-7.0,6.2,-7.3,-4.5
UC Riverside,188,70.5,71.3,82.0,68.5,71.7,64.3,166,70.8,70.3,76.0,72.4,69.9,65.3,219,34.6%,29.5%,25.0%,35.3%,34.2%,30.2%,112,35.3%,34.3%,46.2%,36.3%,34.6%,32.3%,86,2.5,1.0,-2.0,6.5,0.2,-1.0,238,-1.8,0.0,2.0,-2.3,-1.6,+2.2
Syracuse,189,70.6,74.7,67.0,69.3,72.6,75.1,79,74.4,66.7,62.0,78.5,68.1,77.4,196,34.2%,40.6%,42.9%,33.0%,35.8%,33.0%,51,36.4%,35.3%,20.0%,37.7%,34.4%,37.7%,69,3.0,0.0,-4.0,6.4,-2.4,-0.6,143,1.1,-8.0,-1.0,2.8,-1.6,+3.2
Army,190,70.6,62.3,69.0,69.2,71.5,72.1,131,72.1,66.0,71.0,71.7,72.5,69.1,121,32.6%,21.7%,15.8%,33.5%,31.9%,36.4%,62,36.2%,29.3%,37.5%,34.8%,37.2%,31.7%,308,-3.4,-5.0,-2.0,-2.6,-3.9,-1.8,45,4.8,8.7,4.0,5.0,4.7,-1.3
Ste F Austin,191,70.6,68.0,73.0,70.9,70.4,68.7,99,73.7,76.3,67.0,77.9,70.2,72.8,127,32.7%,26.4%,28.6%,30.9%,34.2%,31.9%,7,38.9%,41.3%,35.3%,36.8%,40.6%,31.9%,143,0.7,3.7,-4.0,1.2,0.3,+3.2,103,2.3,4.7,-2.0,5.8,-0.5,+1.1
Marquette,192,70.6,62.0,64.0,70.1,71.3,71.6,9,82.2,78.7,73.0,84.7,78.9,74.0,213,34.5%,40.3%,40.7%,32.6%,36.9%,32.0%,94,35.5%,37.8%,37.0%,36.6%,34.2%,34.4%,9,6.5,14.0,10.0,6.4,6.7,+2.4,36,5.4,2.7,-1.0,8.5,1.4,+0.2
Presbyterian,193,70.7,77.0,67.0,67.3,73.1,70.0,334,62.9,65.7,59.0,66.3,60.5,65.2,355,39.0%,49.1%,38.5%,36.7%,40.7%,38.4%,319,30.7%,31.6%,12.5%,31.9%,29.8%,26.1%,308,-3.4,-2.3,1.0,0.4,-6.0,-1.0,303,-4.0,-6.3,-9.0,-1.3,-5.9,-3.8
S Florida,194,70.7,74.7,63.0,67.3,76.1,64.9,126,72.3,75.7,71.0,70.9,74.6,57.5,202,34.2%,33.3%,23.5%,35.6%,32.2%,33.8%,177,34.0%,35.5%,43.5%,32.8%,35.7%,25.2%,123,1.4,1.3,-6.0,3.2,-1.4,-2.9,172,0.3,0.7,14.0,0.4,0.2,-4.5
U Mass,195,70.8,75.0,70.0,72.8,69.2,78.1,149,71.5,77.0,59.0,79.8,64.6,75.7,83,31.8%,32.9%,35.0%,34.7%,29.2%,37.4%,164,34.3%,34.3%,23.1%,36.1%,32.7%,37.1%,140,0.8,2.7,-8.0,4.7,-2.4,+0.6,192,-0.1,-0.7,-3.0,2.3,-2.2,-3.3
Loyola-MD,195,70.8,68.0,76.0,75.3,68.3,66.5,339,62.2,63.0,63.0,69.5,58.1,66.0,348,38.4%,39.1%,50.0%,40.6%,37.0%,34.4%,187,33.8%,31.0%,26.3%,34.4%,33.4%,32.1%,271,-2.1,2.7,-3.0,-0.4,-3.1,+2.1,341,-6.5,-7.7,-10.0,-5.4,-7.1,-2.4
LA Tech,197,70.9,64.0,72.0,68.8,72.5,68.5,138,72.0,68.3,80.0,74.8,69.6,73.7,345,38.2%,31.1%,37.5%,40.1%,36.6%,33.0%,91,35.5%,36.7%,46.2%,34.6%,36.3%,34.0%,177,-0.1,-5.0,-8.0,0.2,-0.4,+1.4,168,0.4,9.3,16.0,4.7,-3.1,+3.7
UC Davis,198,70.9,65.3,63.0,68.6,72.3,67.0,103,73.4,75.3,75.0,74.0,73.1,67.6,347,38.2%,25.0%,23.5%,34.6%,40.4%,33.9%,130,34.9%,44.4%,58.3%,36.5%,33.9%,32.3%,117,1.6,2.3,6.0,4.8,-0.3,-0.5,169,0.4,7.7,6.0,0.6,0.2,+1.5
Holy Cross,199,70.9,70.0,70.0,68.4,72.6,72.0,322,64.1,68.3,82.0,63.3,64.6,63.1,46,30.9%,27.3%,17.6%,26.9%,33.4%,36.1%,157,34.4%,37.9%,59.1%,27.5%,38.8%,33.1%,245,-1.6,2.0,-6.0,-1.7,-1.5,-2.3,325,-5.0,-3.7,18.0,-2.9,-6.5,-6.7
E Washingtn,200,70.9,67.3,63.0,70.4,71.2,75.3,95,73.8,79.3,82.0,80.3,70.4,75.2,180,34.0%,32.1%,34.6%,31.1%,35.5%,33.6%,146,34.5%,33.3%,41.2%,39.9%,31.6%,36.1%,114,1.7,11.3,20.0,5.3,-0.1,+0.7,141,1.2,0.7,-1.0,4.6,-0.7,-0.9
Delaware,200,70.9,71.7,70.0,69.8,71.8,70.6,199,69.6,69.7,62.0,72.7,67.2,72.8,298,36.1%,34.0%,25.0%,38.3%,34.4%,35.4%,267,32.2%,34.5%,29.6%,33.8%,31.0%,34.5%,241,-1.5,-6.7,-12.0,1.5,-3.8,-0.8,172,0.3,4.7,4.0,1.4,-0.5,+2.7
Murray St,202,71.0,73.7,82.0,67.0,73.7,63.4,173,70.7,73.7,83.0,72.0,69.8,76.3,73,31.6%,38.9%,48.1%,30.0%,32.6%,29.7%,324,30.4%,37.8%,53.3%,30.9%,30.2%,34.5%,198,-0.5,-1.3,-5.0,3.1,-3.0,+6.4,193,-0.2,1.3,6.0,1.6,-1.4,+6.4
Jksnville St,203,71.1,63.0,69.0,63.4,75.8,67.1,311,65.2,69.7,67.0,68.8,63.0,70.7,284,35.8%,27.0%,30.4%,32.1%,38.1%,32.7%,137,34.7%,41.4%,40.7%,34.6%,34.7%,38.0%,293,-2.9,-2.0,-2.0,-0.3,-4.5,+1.4,271,-2.8,8.7,0.0,5.6,-8.0,+2.4
Utah State,204,71.2,70.3,73.0,70.0,72.4,67.0,23,78.9,76.3,84.0,81.1,76.6,72.8,328,37.4%,41.1%,36.4%,38.0%,36.8%,33.9%,2,40.4%,33.8%,35.0%,43.2%,37.5%,34.1%,115,1.7,2.7,-8.0,1.5,1.9,+2.0,29,5.9,3.3,19.0,9.5,2.2,+3.6
W Kentucky,205,71.2,74.0,74.0,69.9,72.0,70.9,169,70.8,71.0,81.0,72.8,69.5,74.0,294,36.0%,32.9%,22.7%,32.6%,37.8%,35.5%,110,35.3%,31.1%,38.5%,34.3%,36.0%,35.9%,205,-0.7,-1.7,8.0,1.3,-1.9,+0.4,154,0.8,-1.3,-1.0,1.6,0.3,+2.7
LA Monroe,206,71.3,70.0,70.0,67.6,73.5,75.4,319,64.6,71.3,83.0,66.8,63.2,69.3,272,35.7%,29.7%,30.8%,33.9%,36.7%,36.2%,107,35.3%,39.3%,53.6%,35.8%,35.0%,33.2%,335,-4.8,-6.3,-11.0,-2.9,-6.0,-4.3,247,-2.1,6.3,24.0,2.0,-4.6,-2.0
Lehigh,207,71.3,64.7,71.0,65.4,76.1,71.6,218,68.9,69.7,69.0,68.4,69.3,68.4,155,33.6%,26.8%,37.5%,31.3%,35.5%,36.3%,41,36.8%,24.5%,15.8%,36.4%,37.3%,38.2%,167,0.2,2.7,2.0,3.8,-2.8,-2.0,259,-2.6,2.3,-4.0,-0.8,-4.0,-1.1
Maine,208,71.5,69.7,71.0,72.2,71.1,73.8,271,66.8,66.7,53.0,76.7,62.5,60.7,193,34.1%,30.5%,21.7%,32.8%,34.7%,38.6%,53,36.4%,35.3%,41.2%,44.2%,33.1%,31.0%,258,-1.9,-2.3,-17.0,2.7,-3.8,-5.6,254,-2.4,-0.7,-1.0,3.3,-4.9,-7.5
UAB,209,71.5,62.7,77.0,67.9,76.7,68.1,15,80.9,73.7,86.0,81.6,79.9,79.1,158,33.6%,28.1%,22.2%,34.4%,32.4%,32.9%,113,35.2%,32.0%,30.0%,35.6%,34.7%,38.0%,63,3.1,2.3,-4.0,4.8,0.7,+6.1,22,6.2,8.7,13.0,8.4,3.0,+4.8
Arizona,210,71.5,68.7,76.0,68.9,74.9,68.1,7,83.3,83.0,91.0,85.4,80.5,84.0,72,31.6%,30.0%,34.6%,31.1%,32.2%,32.8%,64,36.1%,40.8%,43.5%,36.9%,35.1%,35.2%,46,4.0,7.3,0.0,6.6,0.5,+7.8,11,7.8,7.0,15.0,9.8,5.1,+7.9
GA Tech,211,71.5,75.3,68.0,70.8,72.6,71.3,291,66.0,50.7,58.0,69.5,61.3,67.5,66,31.4%,40.3%,36.8%,28.8%,35.0%,32.1%,318,30.7%,22.2%,25.9%,32.1%,28.9%,34.2%,319,-4.0,-14.0,-5.0,-4.0,-4.0,-3.2,229,-1.5,-10.7,-5.0,2.8,-7.1,-0.9
Notre Dame,212,71.5,77.0,62.0,69.8,75.3,67.2,173,70.7,76.7,76.0,72.6,66.7,72.1,189,34.1%,40.3%,34.8%,34.2%,33.8%,32.0%,30,37.4%,38.8%,35.7%,37.1%,38.2%,37.9%,304,-3.2,-8.3,-8.0,-1.8,-6.1,+2.0,102,2.3,8.0,22.0,4.5,-2.4,+2.6
Wyoming,213,71.6,68.3,62.0,71.1,72.1,65.7,208,69.3,71.7,85.0,75.3,63.2,71.5,289,35.9%,36.5%,28.0%,36.1%,35.7%,30.0%,98,35.5%,37.9%,46.4%,34.5%,36.8%,32.9%,223,-1.2,-5.3,1.0,-1.4,-0.9,+3.2,220,-1.0,8.7,22.0,5.6,-7.6,+2.0
IL-Chicago,214,71.6,71.3,68.0,69.5,73.2,73.7,285,66.2,65.7,62.0,67.7,65.0,71.3,113,32.4%,33.3%,33.3%,32.1%,32.5%,37.4%,218,33.1%,35.5%,32.0%,33.6%,32.7%,32.4%,302,-3.1,2.3,11.0,-3.5,-2.8,-2.3,239,-1.8,-6.0,-11.0,2.2,-4.9,-0.3
Saint Louis,215,71.6,72.0,75.0,67.4,76.3,68.3,63,75.3,74.3,65.0,77.8,72.5,74.7,129,32.8%,27.4%,21.7%,31.8%,33.8%,32.3%,184,33.8%,37.0%,22.2%,35.2%,32.1%,36.1%,66,3.0,1.7,-15.0,4.5,1.4,+1.6,157,0.7,0.7,5.0,6.0,-5.2,+4.6
Loyola Mymt,216,71.7,73.0,89.0,67.9,75.7,74.3,75,74.7,74.7,61.0,77.5,71.5,69.1,61,31.3%,32.8%,50.0%,29.9%,32.8%,36.0%,46,36.6%,42.3%,36.0%,38.9%,34.0%,34.2%,104,1.9,4.0,-10.0,4.4,-0.8,-1.4,147,1.0,-2.3,-18.0,5.1,-3.5,-3.9
St. Thomas,216,71.7,72.7,83.0,63.8,76.7,78.2,123,72.3,72.0,89.0,76.7,69.6,72.7,297,36.1%,41.7%,50.0%,28.8%,39.9%,40.1%,93,35.5%,29.3%,28.6%,36.7%,34.8%,34.3%,201,-0.5,1.3,6.0,4.2,-3.6,-6.9,138,1.2,-2.0,0.0,8.7,-3.6,+1.3
St Josephs,218,71.7,72.7,50.0,69.7,74.1,69.1,131,72.1,78.0,64.0,76.8,66.6,67.6,206,34.3%,34.3%,7.7%,36.3%,31.9%,31.8%,198,33.5%,28.6%,24.0%,36.7%,28.8%,33.6%,213,-0.9,3.7,4.0,-0.1,-1.9,-3.3,140,1.2,2.0,10.0,7.2,-6.0,+2.2
Belmont,219,71.7,75.3,83.0,67.9,74.1,68.1,87,74.0,72.0,82.0,72.7,74.9,77.1,233,35.0%,43.5%,53.3%,31.8%,36.7%,33.7%,4,39.8%,34.3%,48.1%,39.8%,39.8%,32.8%,141,0.8,1.7,5.0,2.9,-0.6,+3.5,116,1.8,-5.0,-6.0,3.0,1.1,+5.1
N Carolina,220,71.7,67.3,65.0,67.2,76.3,71.3,26,78.5,72.0,64.0,80.3,76.8,77.9,168,33.7%,37.0%,36.8%,32.6%,34.7%,33.7%,302,31.1%,24.6%,18.5%,32.0%,30.2%,35.8%,63,3.1,3.3,0.0,6.5,-0.3,+1.4,68,3.5,1.3,-1.0,6.5,0.5,+4.6
LA Lafayette,221,71.8,69.0,63.0,69.1,73.2,70.1,40,77.1,82.7,82.0,81.4,74.7,70.3,341,37.8%,33.3%,14.3%,39.3%,37.2%,32.2%,11,38.7%,42.6%,50.0%,42.5%,36.5%,34.3%,55,3.5,10.7,15.0,7.1,1.5,-0.7,121,1.7,3.0,4.0,5.1,-0.2,+0.8
Kennesaw St,222,71.8,71.0,84.0,66.6,74.4,73.5,86,74.0,86.3,90.0,80.3,70.9,71.6,270,35.6%,30.0%,30.8%,30.7%,38.2%,36.2%,14,38.5%,36.8%,38.5%,35.8%,40.1%,36.2%,260,-1.9,6.0,-1.0,10.4,-8.0,+1.3,65,3.8,7.3,1.0,3.3,4.1,-2.9
Florida A&M,223,71.8,59.3,58.0,62.4,75.5,69.0,363,56.1,61.0,69.0,59.6,54.7,63.6,122,32.6%,18.0%,21.1%,25.9%,34.6%,34.3%,222,33.0%,36.2%,38.9%,35.1%,32.1%,29.7%,363,-9.9,1.0,5.0,-3.2,-12.5,-3.8,336,-5.9,0.7,6.0,0.4,-8.3,-1.8
New Mexico,224,71.9,84.7,84.0,71.1,73.3,76.7,13,81.1,82.7,73.0,84.1,75.8,73.7,28,30.1%,30.0%,35.0%,29.6%,31.0%,32.8%,96,35.5%,37.0%,36.4%,34.7%,37.1%,34.3%,57,3.4,4.0,8.0,3.1,4.0,-1.9,29,5.9,-5.0,-19.0,9.9,-1.1,-1.0
Colorado St,224,71.9,73.7,83.0,70.3,73.5,66.2,139,71.9,62.3,71.0,77.3,66.5,72.9,305,36.3%,36.4%,40.7%,36.3%,36.4%,32.6%,126,35.0%,24.6%,29.4%,40.4%,29.7%,35.6%,100,2.0,1.3,-3.0,4.2,-0.2,+4.6,222,-1.2,-12.7,-9.0,4.4,-6.8,+2.3
U Penn,226,71.9,63.3,68.0,71.4,72.3,75.5,115,72.7,74.0,83.0,77.4,69.1,72.0,96,32.0%,32.4%,37.5%,31.3%,32.6%,34.7%,79,35.8%,40.7%,40.7%,37.7%,34.3%,33.5%,180,-0.1,1.7,0.0,3.6,-2.9,-1.1,145,1.0,9.0,15.0,3.3,-0.8,-2.0
Vanderbilt,227,72.0,80.7,101.0,67.2,77.8,67.8,177,70.6,54.3,44.0,71.3,69.7,70.8,112,32.3%,39.5%,46.3%,29.0%,35.9%,30.1%,271,32.1%,26.6%,10.0%,32.2%,32.1%,34.0%,252,-1.7,-15.3,-29.0,2.1,-6.3,+1.8,185,0.0,-11.0,-28.0,1.7,-2.0,+1.2
Wofford,227,72.0,78.0,77.0,68.9,74.8,66.7,178,70.6,74.0,52.0,75.0,66.5,70.2,182,34.0%,31.3%,39.1%,30.5%,37.5%,36.2%,274,32.1%,36.6%,14.3%,30.8%,33.3%,34.8%,180,-0.1,-8.0,-15.0,1.7,-1.8,+3.0,225,-1.3,4.0,-10.0,4.4,-6.5,+0.7
Furman,229,72.0,66.3,58.0,74.0,70.6,68.8,20,79.5,79.7,79.0,85.9,74.8,76.4,230,34.9%,32.7%,39.1%,37.3%,33.2%,33.3%,158,34.4%,29.1%,25.0%,34.1%,34.6%,37.5%,54,3.5,4.7,10.0,7.6,0.5,+1.3,62,4.0,6.3,11.0,4.4,3.7,+6.1
Samford,230,72.1,84.3,77.0,66.9,75.5,74.4,50,76.2,82.0,85.0,78.8,74.5,73.2,322,36.9%,31.6%,28.6%,36.1%,37.5%,34.5%,100,35.4%,28.2%,35.3%,39.6%,32.2%,33.1%,90,2.4,3.7,-1.0,3.8,1.5,-1.8,98,2.5,-3.7,9.0,8.1,-1.3,+0.3
SC Upstate,230,72.1,70.3,78.0,67.7,74.4,75.3,305,65.5,61.3,66.0,70.0,63.1,70.4,159,33.6%,50.0%,61.5%,27.9%,36.9%,33.4%,220,33.1%,30.6%,28.0%,38.8%,29.8%,36.4%,326,-4.3,-2.7,-4.0,-0.3,-6.4,-1.5,259,-2.6,-6.3,-8.0,1.9,-4.9,-3.5
Alcorn State,232,72.1,69.3,60.0,66.8,73.8,71.1,287,66.1,69.0,63.0,76.0,63.0,66.5,80,31.8%,46.0%,52.9%,31.0%,31.9%,34.4%,353,28.7%,26.2%,28.6%,35.2%,26.7%,31.6%,291,-2.8,3.0,4.0,4.2,-4.9,-3.0,281,-3.4,-3.3,-1.0,5.0,-6.0,-1.4
Norfolk St,233,72.2,72.0,71.0,69.2,73.3,66.6,128,72.2,76.7,77.0,76.2,70.7,72.0,256,35.2%,34.5%,20.0%,31.5%,36.7%,29.7%,186,33.8%,39.1%,55.6%,43.0%,30.5%,34.0%,142,0.8,4.7,-1.0,3.4,-0.2,+3.1,211,-0.7,0.0,7.0,3.6,-2.4,+2.3
Ark Pine Bl,233,72.2,68.0,72.0,65.0,74.9,79.3,332,63.1,73.3,88.0,70.6,60.2,64.9,98,32.1%,37.2%,40.0%,25.0%,34.1%,35.9%,332,30.0%,36.1%,50.0%,33.3%,28.8%,29.8%,348,-5.8,-0.3,4.0,3.0,-9.2,-7.5,279,-3.3,5.7,12.0,2.6,-5.5,-6.7
Memphis,235,72.2,73.3,68.0,69.0,74.8,68.3,18,79.8,84.7,80.0,81.9,78.1,75.2,58,31.2%,26.2%,26.9%,29.5%,32.6%,32.0%,243,32.6%,35.7%,31.6%,35.2%,30.8%,35.5%,106,1.9,1.3,10.0,3.2,0.8,+1.6,29,5.9,10.0,2.0,9.7,2.7,+5.2
E Kentucky,236,72.2,67.3,67.0,68.1,75.3,76.7,167,70.8,71.0,69.0,74.3,68.2,75.3,224,34.7%,38.5%,40.7%,35.4%,34.2%,34.4%,207,33.3%,31.6%,30.4%,35.8%,31.1%,33.9%,250,-1.7,2.7,2.0,2.1,-4.6,+0.7,171,0.3,1.0,0.0,4.1,-2.5,-2.7
Sacred Hrt,237,72.2,70.7,56.0,69.8,73.7,76.0,200,69.6,72.0,65.0,69.1,69.9,71.4,142,33.2%,35.8%,22.7%,33.0%,33.3%,35.0%,333,30.0%,29.9%,22.2%,26.9%,31.8%,34.2%,190,-0.4,-5.0,7.0,0.4,-0.9,-0.6,249,-2.3,6.3,2.0,-1.1,-2.9,-4.4
NJIT,238,72.4,74.7,74.0,66.3,77.3,71.0,276,66.6,68.3,67.0,64.4,68.4,62.5,152,33.4%,31.6%,32.0%,30.9%,35.2%,34.0%,124,35.0%,42.6%,28.6%,32.7%,36.6%,32.6%,255,-1.8,-4.3,1.0,0.8,-3.8,-3.5,300,-4.0,0.3,-1.0,-1.8,-5.8,-4.8
TX A&M-Com,239,72.4,70.7,76.0,70.5,72.8,65.5,229,68.4,70.7,77.0,75.8,66.7,65.5,203,34.2%,32.3%,36.4%,35.2%,34.0%,23.3%,306,31.0%,36.6%,33.3%,37.0%,29.7%,30.2%,236,-1.4,2.7,14.0,0.3,-1.7,-2.5,280,-3.3,-2.7,-13.0,3.0,-4.7,+2.5
Stonehill,240,72.4,71.7,61.0,69.1,74.1,--,267,66.9,70.7,74.0,66.9,66.9,--,237,35.0%,41.2%,43.8%,34.8%,35.1%,--,99,35.4%,42.4%,40.9%,37.3%,34.4%,--,290,-2.8,-3.0,4.0,-1.3,-3.5,--,270,-2.8,2.0,9.0,-1.0,-3.7,--
Dartmouth,241,72.4,75.0,73.0,71.5,72.8,68.0,250,67.4,77.7,83.0,70.3,66.1,66.5,116,32.4%,35.9%,40.0%,32.8%,32.3%,34.2%,280,31.9%,35.8%,20.0%,31.8%,31.9%,33.4%,253,-1.7,2.0,10.0,3.5,-4.2,+0.4,277,-3.2,1.7,0.0,-4.7,-2.5,-1.1
NW State,242,72.5,68.0,76.0,67.5,75.3,82.6,82,74.3,85.3,94.0,77.5,72.4,71.7,67,31.5%,28.6%,36.8%,28.7%,32.6%,34.0%,45,36.6%,42.3%,44.0%,38.5%,35.5%,34.4%,171,0.0,6.0,5.0,5.3,-3.0,-3.1,145,1.0,11.3,13.0,4.8,-1.1,-7.7
UC San Diego,243,72.5,68.3,76.0,76.8,69.8,71.6,310,65.2,63.3,60.0,68.4,63.3,68.4,311,36.7%,26.9%,30.4%,38.5%,35.6%,32.9%,288,31.6%,32.9%,25.7%,30.3%,32.4%,36.0%,357,-6.9,-7.3,-20.0,-7.6,-6.5,-2.0,182,0.1,2.3,4.0,-0.5,0.5,-1.3
La Salle,244,72.6,66.7,64.0,68.9,76.4,71.5,228,68.4,67.3,75.0,68.3,68.5,67.5,309,36.7%,37.3%,30.0%,35.6%,37.9%,36.0%,235,32.8%,35.0%,33.3%,31.0%,34.3%,31.9%,292,-2.8,-5.7,4.0,-1.7,-3.9,-0.4,227,-1.3,6.3,7.0,1.5,-4.2,-3.2
Loyola-Chi,245,72.7,70.7,85.0,70.9,74.0,61.9,253,67.3,68.7,81.0,73.3,62.8,72.3,176,33.9%,29.9%,35.7%,35.3%,32.8%,30.9%,152,34.5%,37.7%,52.0%,36.3%,33.1%,37.6%,338,-5.0,-3.0,6.0,-2.3,-7.1,+5.1,191,-0.1,2.3,-6.0,4.8,-3.8,+5.1
W Carolina,246,72.7,77.0,85.0,71.4,73.5,78.2,194,69.9,72.7,77.0,67.6,71.2,69.6,261,35.3%,36.5%,35.3%,36.2%,34.7%,36.0%,270,32.1%,21.7%,28.6%,31.5%,32.5%,31.3%,159,0.4,-2.0,1.0,1.3,-0.1,-4.5,292,-3.7,-2.3,-9.0,-5.0,-2.9,-4.6
Binghamton,247,72.8,72.0,69.0,72.2,73.3,69.9,279,66.5,64.7,55.0,68.0,65.3,65.7,211,34.4%,37.3%,29.2%,37.6%,31.7%,33.6%,345,29.3%,25.0%,7.1%,33.8%,25.5%,34.7%,255,-1.8,-1.7,1.0,-1.7,-1.8,-0.8,320,-4.6,-5.7,-15.0,-2.6,-6.3,-3.1
Idaho State,248,72.9,81.3,91.0,69.1,74.8,72.0,215,69.0,76.0,95.0,71.0,67.8,62.4,53,31.1%,32.3%,36.4%,30.3%,31.5%,34.1%,228,32.9%,34.4%,45.0%,37.0%,31.1%,29.6%,263,-2.0,-4.3,1.0,-1.9,-2.0,-6.4,252,-2.4,-2.3,-1.0,2.7,-5.1,-3.2
Maryland BC,249,73.0,66.0,55.0,71.7,74.4,72.9,55,75.8,67.3,69.0,79.1,72.3,73.4,346,38.2%,28.1%,7.1%,37.8%,38.7%,35.2%,102,35.4%,27.3%,29.2%,37.6%,33.1%,38.3%,191,-0.4,4.0,-1.0,0.5,-1.4,-1.4,76,3.3,-2.7,15.0,6.9,-0.7,+1.6
Central Mich,250,73.0,77.7,81.0,70.3,74.8,77.0,295,65.9,66.7,69.0,68.0,64.5,65.9,132,33.0%,40.0%,32.0%,33.9%,32.4%,34.8%,340,29.6%,37.1%,40.0%,31.3%,28.5%,34.1%,310,-3.5,0.3,-15.0,1.0,-6.4,-2.6,307,-4.1,-11.3,3.0,-4.4,-3.9,-8.5
Valparaiso,250,73.0,74.0,76.0,68.5,76.5,71.0,244,67.7,71.3,67.0,70.0,66.0,68.6,167,33.7%,34.4%,33.3%,29.3%,37.6%,35.6%,350,29.0%,23.2%,20.7%,29.8%,28.4%,32.9%,194,-0.4,-1.3,-7.0,-1.0,0.0,+0.2,313,-4.2,1.7,7.0,3.2,-9.9,-2.6
Elon,250,73.0,65.0,55.0,72.3,73.5,72.6,326,63.6,68.7,69.0,65.4,62.5,65.0,228,34.8%,35.2%,29.6%,35.6%,34.4%,34.5%,342,29.4%,39.3%,40.9%,32.4%,27.8%,33.0%,341,-5.3,-7.3,-10.0,-3.4,-6.5,-2.9,306,-4.1,11.0,24.0,-3.5,-4.5,-4.7
Wake Forest,253,73.1,78.3,75.0,71.4,74.9,70.1,37,77.2,76.3,73.0,80.7,73.5,78.5,234,35.0%,45.1%,35.3%,31.4%,38.8%,32.2%,42,36.8%,32.9%,29.0%,39.4%,34.3%,34.4%,203,-0.7,1.7,5.0,0.8,-2.3,+2.8,49,4.7,-3.7,-7.0,8.2,1.0,+5.5
S Carolina,254,73.1,76.0,66.0,69.4,76.8,70.9,325,63.7,63.0,51.0,62.3,65.1,69.7,231,34.9%,29.6%,25.0%,34.1%,35.7%,31.9%,269,32.1%,37.7%,33.3%,29.2%,35.1%,31.3%,281,-2.5,-8.0,-9.0,-1.5,-3.5,+0.6,345,-6.7,-4.0,-6.0,-5.6,-7.8,-1.9
Stetson,255,73.2,67.3,57.0,68.6,74.7,73.1,135,72.0,63.0,79.0,77.6,70.1,66.8,147,33.3%,22.2%,16.7%,32.0%,33.7%,34.9%,17,38.3%,32.8%,37.5%,39.2%,38.0%,34.8%,211,-0.9,-2.0,21.0,6.2,-3.3,-0.2,215,-0.9,-2.3,1.0,3.0,-2.2,-5.6
Austin Peay,256,73.2,78.7,82.0,68.0,77.1,69.3,327,63.6,60.0,70.0,65.8,61.9,62.6,120,32.5%,35.8%,37.5%,31.1%,33.3%,33.2%,281,31.8%,29.0%,50.0%,35.0%,29.2%,30.8%,322,-4.2,-8.0,2.0,0.9,-8.0,-3.8,331,-5.2,-10.7,-14.0,-3.1,-6.8,-3.2
Iowa,257,73.3,71.7,70.0,73.2,73.4,71.2,11,81.5,80.0,86.0,89.6,69.8,83.2,207,34.3%,34.6%,23.5%,32.3%,37.3%,32.9%,116,35.2%,40.3%,47.6%,38.6%,29.3%,36.3%,75,2.8,5.0,16.0,6.5,-2.6,+4.8,41,5.2,3.3,0.0,9.5,-1.1,+7.4
Manhattan,258,73.3,69.7,74.0,75.3,71.9,73.7,245,67.7,69.3,81.0,68.9,66.8,69.9,294,36.0%,37.0%,37.9%,34.3%,37.2%,33.9%,166,34.3%,36.8%,37.5%,32.5%,35.6%,29.9%,147,0.6,-2.0,-4.0,3.0,-1.2,-1.9,334,-5.7,-0.7,4.0,-7.5,-4.4,-2.1
Wm & Mary,259,73.4,76.0,62.0,68.6,77.4,75.2,309,65.4,69.0,57.0,68.3,62.9,63.1,239,35.0%,36.9%,22.2%,33.6%,36.1%,33.7%,40,36.8%,55.6%,29.4%,38.4%,35.3%,31.1%,354,-6.5,-11.0,-12.0,-4.7,-8.0,-5.0,230,-1.5,4.0,7.0,4.4,-6.5,-6.5
Southern,260,73.5,66.7,62.0,68.8,75.0,68.4,127,72.3,79.0,73.0,84.0,68.3,70.1,118,32.5%,30.6%,21.4%,31.9%,32.7%,28.4%,36,36.9%,39.7%,45.8%,44.5%,34.0%,35.0%,235,-1.4,-0.7,-14.0,4.0,-3.1,+1.6,181,0.1,13.0,25.0,11.2,-3.6,+0.3
W Illinois,261,73.6,73.0,74.0,73.1,74.1,77.7,157,71.2,66.7,44.0,79.2,63.2,76.8,115,32.4%,36.5%,45.0%,30.1%,34.6%,37.4%,293,31.5%,32.8%,13.3%,38.1%,25.0%,33.0%,94,2.3,1.7,-11.0,6.0,-1.5,-0.9,327,-5.1,-10.7,-19.0,-0.7,-9.4,-0.3
St Johns,262,73.6,87.0,84.0,69.6,79.8,74.2,36,77.3,74.3,72.0,78.6,75.2,79.6,163,33.6%,36.5%,45.0%,32.4%,36.1%,34.1%,231,32.9%,44.4%,46.7%,35.8%,27.9%,33.5%,125,1.3,-8.0,-15.0,3.9,-2.6,+1.9,110,2.0,-4.7,3.0,5.1,-2.8,+3.5
Santa Clara,263,73.7,86.7,88.0,71.0,77.8,71.9,57,75.7,72.3,70.0,75.9,75.2,77.3,333,37.5%,50.0%,47.1%,36.1%,39.6%,34.8%,86,35.6%,35.4%,33.3%,36.5%,34.2%,37.8%,125,1.3,-3.3,1.0,2.6,-0.7,+4.1,165,0.5,-11.0,-19.0,2.3,-2.3,+1.1
WI-Milwkee,264,73.7,78.7,69.0,70.3,76.5,71.4,81,74.3,77.7,72.0,78.1,71.2,64.5,21,29.5%,31.6%,35.3%,27.3%,31.4%,33.8%,85,35.7%,30.3%,31.6%,39.8%,32.6%,31.9%,137,1.0,12.3,2.0,0.0,1.7,-1.9,200,-0.4,-13.3,1.0,8.2,-7.4,-5.0
Florida Intl,265,73.9,65.7,54.0,72.6,75.6,71.8,169,70.8,72.3,57.0,77.0,62.4,68.6,276,35.7%,27.5%,17.4%,36.1%,35.3%,33.4%,266,32.2%,41.3%,26.7%,34.7%,28.6%,34.0%,275,-2.3,5.7,3.0,0.0,-5.3,-0.9,212,-0.8,1.0,0.0,4.5,-7.8,-2.3
Howard,265,73.9,72.3,74.0,70.3,76.5,71.8,146,71.6,87.0,100.0,79.1,65.9,73.6,302,36.2%,34.8%,39.1%,37.8%,35.2%,34.0%,71,36.0%,46.7%,57.1%,41.0%,32.4%,36.2%,100,2.0,10.0,15.0,6.0,-1.0,+0.2,314,-4.3,4.7,11.0,2.8,-9.6,+1.6
Chicago St,267,73.9,72.3,75.0,64.3,75.4,74.4,281,66.4,71.7,76.0,77.7,64.6,62.1,153,33.5%,39.2%,43.5%,24.4%,34.4%,39.6%,259,32.4%,35.1%,36.4%,46.3%,30.3%,31.0%,306,-3.3,-9.3,-9.0,4.3,-4.5,-4.9,309,-4.1,8.7,10.0,9.0,-6.2,-7.4
Chattanooga,268,74.0,76.0,79.0,76.8,71.9,65.4,90,74.0,70.3,58.0,77.0,71.7,72.5,250,35.1%,31.3%,25.0%,38.1%,32.5%,30.3%,34,37.0%,43.1%,39.1%,34.8%,38.9%,33.9%,232,-1.3,-0.3,-10.0,-3.1,0.0,+3.9,129,1.5,-5.3,-11.0,3.8,-0.3,+3.0
Youngs St,268,74.0,75.0,89.0,73.6,74.3,70.8,10,81.9,80.3,91.0,83.4,80.7,71.6,320,36.8%,39.7%,40.9%,40.1%,34.4%,34.3%,12,38.6%,35.6%,19.4%,39.9%,37.4%,34.1%,12,6.0,6.0,-3.0,8.6,3.8,-0.6,108,2.0,-1.3,3.0,1.0,2.9,+1.6
Abl Christian,270,74.1,73.0,68.0,68.0,77.6,69.5,156,71.2,79.0,83.0,75.3,68.8,73.9,294,36.0%,41.2%,32.1%,36.4%,35.8%,34.6%,115,35.2%,35.0%,50.0%,32.0%,36.9%,32.2%,210,-0.8,7.7,20.0,0.4,-1.6,+0.8,243,-2.0,-1.7,-5.0,6.9,-7.2,+3.4
S Methodist,271,74.1,84.3,74.0,69.2,79.5,67.1,211,69.2,72.7,52.0,70.8,67.4,73.8,136,33.1%,33.8%,27.8%,32.3%,33.9%,29.8%,300,31.2%,33.3%,33.3%,34.1%,27.7%,35.4%,295,-3.0,-6.0,-11.0,-0.4,-5.7,+4.0,242,-1.9,-5.7,-11.0,2.4,-6.6,+2.8
Tulane,272,74.2,74.3,52.0,71.7,76.9,71.7,14,81.0,82.7,74.0,82.9,78.8,73.1,283,35.8%,35.8%,33.3%,35.3%,36.4%,34.1%,226,33.0%,30.9%,27.8%,34.5%,31.3%,36.5%,124,1.4,8.3,11.0,2.5,0.2,-1.6,40,5.2,-1.0,11.0,8.7,1.4,+2.9
E Illinois,273,74.4,79.0,80.0,72.8,75.5,71.4,297,65.8,69.7,67.0,66.6,65.2,54.3,287,35.9%,45.7%,54.5%,37.1%,35.1%,33.5%,305,31.1%,42.9%,52.6%,29.0%,32.3%,31.8%,242,-1.5,2.7,-3.0,-4.3,0.5,-8.1,347,-7.1,-12.0,-10.0,-1.9,-10.7,-9.0
South Dakota,273,74.4,77.3,62.0,75.7,73.5,72.5,268,66.9,68.3,71.0,77.0,59.8,73.7,317,36.8%,37.5%,28.6%,35.6%,37.5%,36.2%,24,37.9%,34.4%,40.0%,46.8%,31.7%,37.3%,313,-3.7,-4.3,3.0,1.1,-7.0,+1.4,296,-3.8,-4.7,6.0,0.2,-6.6,0.0
TX A&M-CC,275,74.4,75.7,69.0,73.3,75.1,71.2,35,77.3,88.3,86.0,88.7,70.7,73.5,277,35.7%,40.3%,28.6%,34.9%,36.2%,31.5%,49,36.6%,47.2%,37.5%,47.2%,30.4%,31.8%,183,-0.2,5.7,-5.0,9.1,-5.6,+1.6,78,3.2,7.0,22.0,6.7,1.2,+0.8
Louisville,276,74.5,69.7,58.0,72.0,78.0,70.1,335,62.7,65.0,68.0,65.3,59.0,67.3,220,34.6%,32.5%,25.9%,33.9%,35.6%,34.9%,244,32.6%,40.0%,36.8%,31.6%,34.5%,30.9%,332,-4.6,-1.0,5.0,-1.3,-9.4,-1.4,347,-7.1,-3.7,5.0,-5.4,-9.6,-0.9
Lindenwood,277,74.5,72.0,67.0,70.0,76.3,--,314,65.0,68.3,80.0,70.7,62.8,--,275,35.7%,45.2%,52.6%,36.0%,35.6%,--,103,35.4%,41.8%,54.5%,43.5%,32.5%,--,340,-5.2,-2.7,3.0,-7.0,-4.5,--,311,-4.2,-1.0,10.0,7.5,-8.9,--
Incar Word,278,74.6,69.7,77.0,71.7,76.2,77.7,266,67.0,68.7,67.0,70.6,65.0,65.0,252,35.1%,29.6%,38.5%,32.4%,36.5%,37.0%,252,32.5%,38.6%,38.9%,32.5%,32.5%,33.5%,263,-2.0,0.0,-13.0,5.9,-6.2,-3.9,325,-5.0,-1.0,3.0,-6.1,-4.4,-8.8
Gonzaga,279,74.6,75.7,70.0,70.2,77.7,66.2,1,84.9,89.7,88.0,89.8,81.5,87.2,241,35.0%,39.7%,33.3%,31.1%,37.8%,30.5%,19,38.2%,42.4%,47.1%,37.3%,38.8%,37.0%,58,3.3,5.7,-1.0,5.2,1.9,+9.5,13,7.0,8.3,19.0,14.3,1.8,+11.4
Alabama St,280,74.7,68.0,69.0,63.3,77.4,75.6,331,63.1,61.7,58.0,67.8,62.1,69.0,255,35.2%,34.5%,38.9%,28.2%,36.6%,33.2%,316,30.7%,27.3%,21.1%,26.7%,31.9%,33.0%,307,-3.3,5.7,-5.0,7.0,-5.8,-1.3,353,-8.2,-12.0,-6.0,-2.8,-9.5,-5.4
Idaho,281,74.7,79.0,69.0,71.9,77.0,80.3,154,71.3,74.0,66.0,71.9,70.8,71.9,354,38.9%,44.4%,38.1%,38.3%,39.4%,35.1%,241,32.7%,32.7%,11.1%,33.8%,31.6%,36.7%,160,0.4,0.7,-5.0,1.8,-0.8,-2.9,284,-3.5,-4.3,2.0,-1.2,-5.3,-5.4
Alab A&M,282,74.7,67.7,88.0,71.2,77.8,67.0,248,67.5,68.3,77.0,68.4,66.6,61.4,319,36.8%,41.4%,52.6%,37.1%,36.6%,32.0%,175,34.1%,32.7%,30.4%,38.5%,30.2%,27.1%,240,-1.5,-3.0,-6.0,3.0,-5.5,-2.0,335,-5.7,3.7,-5.0,-5.8,-5.7,-3.6
Citadel,283,74.7,75.0,75.0,73.7,75.5,78.7,242,67.8,69.7,69.0,68.4,67.3,73.9,114,32.4%,30.4%,29.4%,29.8%,34.7%,33.0%,202,33.4%,39.2%,40.6%,37.4%,30.5%,34.8%,234,-1.3,-4.0,-13.0,-0.9,-1.7,-0.9,333,-5.6,-1.3,7.0,-4.4,-6.5,-4.3
N Illinois,284,74.8,74.0,59.0,76.8,74.1,71.5,222,68.7,76.0,73.0,74.6,66.7,64.1,147,33.3%,32.9%,9.1%,37.8%,31.6%,32.3%,145,34.5%,38.5%,30.8%,40.5%,32.3%,31.8%,270,-2.1,4.3,2.0,4.6,-4.3,-2.2,300,-4.0,-2.3,12.0,-6.8,-3.1,-5.1
Winthrop,285,74.8,65.3,74.0,68.9,78.9,71.6,163,70.9,76.0,76.0,71.9,70.2,73.7,299,36.1%,42.9%,47.8%,33.7%,37.6%,35.9%,25,37.9%,51.5%,54.5%,39.1%,37.1%,37.0%,248,-1.7,15.3,19.0,1.8,-4.1,+2.5,251,-2.3,-4.7,-17.0,1.2,-4.7,-0.9
TN Tech,286,74.9,74.3,64.0,71.2,77.6,74.3,203,69.4,71.3,45.0,75.8,64.7,70.1,217,34.5%,30.5%,31.8%,36.2%,33.4%,32.4%,59,36.2%,34.5%,16.7%,39.5%,33.6%,32.9%,301,-3.1,-4.0,-10.0,1.7,-6.7,-1.8,233,-1.6,1.0,-9.0,3.4,-5.3,-2.0
Lg Beach St,287,75.0,63.7,67.0,71.4,76.7,73.4,69,75.0,71.7,70.0,74.0,75.5,72.4,147,33.3%,26.0%,31.0%,33.3%,33.3%,35.5%,349,29.1%,25.5%,33.3%,28.2%,29.6%,34.9%,229,-1.3,3.7,1.0,-1.6,-1.1,+1.9,135,1.3,4.3,2.0,4.4,-0.2,-2.9
Geo Wshgtn,288,75.0,83.7,75.0,70.6,79.8,72.8,67,75.1,75.3,64.0,77.1,72.9,68.4,192,34.1%,34.3%,33.3%,32.4%,36.3%,30.7%,277,32.0%,33.3%,30.0%,32.6%,31.3%,33.8%,238,-1.4,-9.7,-4.0,0.4,-3.3,-3.1,134,1.4,1.0,-7.0,6.0,-3.6,-1.6
N Mex State,289,75.1,77.7,67.0,71.2,76.9,64.9,162,70.9,73.7,73.0,70.2,71.2,70.7,330,37.4%,41.3%,35.3%,35.4%,38.3%,29.8%,82,35.7%,34.4%,28.6%,36.1%,35.6%,33.2%,246,-1.6,-0.3,4.0,-0.5,-2.2,+4.5,263,-2.6,-3.7,2.0,-0.5,-3.5,+1.3
Delaware St,290,75.2,71.0,66.0,68.3,77.1,75.8,349,61.0,74.3,71.0,57.3,62.1,60.6,359,40.0%,42.1%,37.5%,43.8%,39.1%,36.1%,264,32.2%,25.8%,27.6%,29.0%,33.2%,32.2%,320,-4.1,7.3,6.0,-6.5,-3.4,-7.1,360,-10.3,-5.0,-1.0,-4.5,-11.9,-8.0
Florida St,291,75.2,87.3,94.0,73.0,77.5,71.9,198,69.7,70.0,66.0,72.3,66.7,71.0,312,36.7%,44.6%,60.0%,37.6%,35.7%,36.9%,136,34.7%,30.6%,30.0%,34.7%,34.7%,33.1%,283,-2.5,-1.7,-6.0,-0.4,-4.8,-0.4,274,-3.0,-15.7,-22.0,-0.3,-6.0,-0.6
Ohio,292,75.2,83.0,90.0,67.2,81.2,67.9,49,76.2,81.3,79.0,79.7,73.7,73.6,313,36.7%,43.7%,54.2%,31.8%,40.1%,31.2%,50,36.5%,34.9%,32.3%,39.8%,33.7%,33.7%,130,1.3,5.0,-4.0,2.2,0.6,+3.3,189,0.0,-6.7,-7.0,10.2,-7.8,+2.4
Canisius,293,75.2,78.3,81.0,73.3,76.3,72.5,231,68.3,71.3,74.0,68.6,68.1,67.3,331,37.4%,37.0%,37.5%,36.8%,37.7%,31.1%,219,33.1%,33.8%,37.9%,33.7%,32.7%,30.2%,274,-2.3,0.7,4.0,1.7,-4.6,-1.2,323,-4.8,-5.3,-4.0,-5.9,-4.3,-4.2
North Dakota,294,75.3,93.0,96.0,70.0,79.7,80.1,263,67.0,76.0,73.0,66.9,67.2,68.8,356,39.2%,48.4%,58.3%,34.5%,43.5%,38.0%,190,33.7%,31.9%,31.3%,34.7%,32.9%,33.5%,345,-5.7,-13.3,-14.0,-2.3,-8.5,-5.3,256,-2.5,-3.7,-9.0,-0.6,-4.0,-5.9
Missouri,295,75.4,71.7,77.0,75.4,75.3,70.8,6,83.3,84.7,87.0,86.5,76.3,64.7,273,35.7%,35.5%,33.3%,34.9%,37.2%,35.2%,81,35.8%,49.4%,48.1%,36.0%,35.2%,28.1%,116,1.6,3.3,-3.0,3.9,-3.1,-0.8,24,6.1,9.7,13.0,7.3,3.6,-5.5
N Dakota St,296,75.4,73.7,71.0,76.4,74.9,70.1,169,70.8,75.3,62.0,76.0,68.1,73.1,282,35.8%,35.4%,40.0%,36.5%,35.4%,32.4%,188,33.8%,32.1%,28.6%,38.3%,31.9%,35.3%,154,0.5,4.3,-3.0,3.4,-1.0,+1.8,329,-5.1,-2.7,-6.0,-3.9,-5.7,+1.1
Miss Val St,297,75.4,79.0,88.0,70.2,76.8,83.0,361,57.9,67.7,72.0,67.6,55.2,67.2,329,37.4%,42.0%,50.0%,33.8%,37.9%,39.9%,279,31.9%,36.6%,40.0%,33.8%,31.4%,30.5%,359,-7.0,-2.0,-4.0,1.8,-9.4,-8.2,361,-10.5,-9.3,-12.0,-4.4,-12.2,-7.6
Columbia,298,75.4,94.0,83.0,74.3,76.5,79.5,321,64.2,81.0,73.0,64.5,63.8,66.6,195,34.2%,37.7%,20.0%,33.8%,34.5%,37.8%,328,30.2%,37.3%,40.0%,29.6%,30.8%,34.9%,352,-6.4,-10.0,-10.0,-6.6,-6.1,-4.4,316,-4.4,-3.0,0.0,-2.2,-6.6,-8.8
Denver,299,75.5,72.0,44.0,72.4,77.1,74.8,133,72.1,65.0,74.0,73.8,71.3,70.6,146,33.3%,32.8%,13.3%,29.2%,36.1%,36.4%,173,34.1%,25.0%,45.0%,38.0%,32.2%,37.1%,299,-3.1,-13.0,11.0,-1.0,-4.2,-0.5,197,-0.3,6.0,19.0,2.1,-1.5,-3.3
Utah Tech,300,75.5,77.0,76.0,72.6,77.1,76.1,116,72.6,72.3,69.0,75.4,71.0,68.1,315,36.8%,31.0%,45.5%,33.3%,38.7%,33.0%,32,37.2%,40.9%,40.0%,39.5%,36.0%,29.5%,278,-2.4,0.7,-11.0,-2.7,-2.2,-3.7,204,-0.6,-5.3,4.0,5.6,-3.8,-4.5
Albany,300,75.5,74.0,66.0,66.5,78.9,65.9,312,65.1,61.0,50.0,65.7,64.9,61.8,157,33.6%,27.7%,26.1%,31.7%,34.3%,35.5%,255,32.4%,32.1%,42.1%,33.0%,32.3%,32.3%,298,-3.0,-3.3,7.0,2.5,-5.1,-2.4,349,-7.3,-9.7,-23.0,-3.3,-8.8,-1.7
Wright State,302,75.5,74.3,91.0,80.6,71.3,72.3,30,78.1,86.3,89.0,80.3,76.3,75.5,151,33.4%,25.8%,19.4%,36.3%,31.0%,33.8%,191,33.7%,35.5%,40.9%,31.3%,35.9%,33.4%,187,-0.3,-1.7,3.0,-1.7,0.8,+3.2,83,3.0,14.3,-3.0,1.9,4.0,0.0
Charl South,303,75.6,68.7,67.0,74.0,76.9,77.2,142,71.8,66.0,59.0,76.0,68.3,63.9,303,36.2%,33.3%,31.6%,40.9%,32.9%,36.1%,119,35.1%,40.6%,36.8%,35.3%,35.0%,30.1%,218,-1.1,-3.3,1.0,1.6,-3.2,-5.8,267,-2.7,0.7,-9.0,0.7,-5.5,-7.4
TN State,303,75.6,78.0,76.0,75.8,75.5,70.8,85,74.1,79.3,80.0,82.2,67.4,68.8,259,35.3%,40.8%,41.4%,38.3%,32.8%,33.7%,69,36.0%,52.1%,63.6%,40.8%,32.1%,34.6%,226,-1.2,-4.0,3.0,2.7,-4.4,-0.2,200,-0.4,5.3,1.0,3.8,-3.7,-1.8
Hartford,305,75.7,74.7,56.0,65.8,82.9,72.2,350,60.9,69.7,73.0,60.3,61.4,69.8,357,39.6%,43.1%,43.5%,34.5%,43.9%,35.7%,304,31.1%,32.9%,40.7%,26.1%,34.4%,36.9%,353,-6.5,0.3,21.0,-2.0,-9.7,-0.5,354,-8.3,-5.3,-4.0,-3.5,-11.8,-1.9
Evansville,306,75.7,79.0,83.0,75.0,76.2,71.2,337,62.4,66.0,65.0,64.0,61.2,58.8,338,37.6%,37.3%,50.0%,39.2%,36.5%,38.4%,245,32.6%,33.3%,26.3%,33.0%,32.3%,32.6%,331,-4.6,-6.3,-17.0,-1.6,-6.8,-4.9,355,-8.7,-6.7,-1.0,-9.4,-8.2,-7.1
Cornell,307,75.8,84.3,73.0,71.4,79.4,76.2,3,83.3,90.3,80.0,83.0,83.6,76.3,209,34.4%,38.9%,33.3%,33.3%,35.2%,32.3%,48,36.6%,38.8%,26.9%,37.1%,36.2%,34.1%,32,4.7,6.3,9.0,6.8,3.0,-2.0,90,2.8,-0.3,-2.0,4.9,1.2,+2.3
Queens,308,75.9,71.0,66.0,78.9,74.4,--,33,77.4,71.7,60.0,83.4,74.4,--,286,35.9%,38.9%,30.0%,41.6%,32.8%,--,78,35.8%,32.5%,30.8%,37.9%,34.7%,--,110,1.9,6.3,0.0,6.1,-0.3,--,198,-0.3,-5.7,-6.0,-1.6,0.4,--
NC A&T,309,75.9,73.7,87.0,69.4,78.9,71.1,233,68.2,65.0,63.0,67.6,68.5,65.7,134,33.0%,39.7%,47.8%,29.0%,35.0%,34.8%,234,32.8%,26.6%,16.7%,32.3%,33.0%,31.5%,187,-0.3,2.3,-11.0,5.7,-3.1,-3.5,351,-7.4,-11.0,-13.0,-7.6,-7.3,-1.7
Morgan St,310,76.0,69.0,72.0,77.0,75.6,74.5,183,70.4,65.7,58.0,79.0,67.1,70.0,65,31.4%,22.9%,42.9%,35.1%,30.1%,34.4%,23,38.0%,42.4%,22.2%,40.6%,36.9%,30.0%,325,-4.2,-7.3,-13.0,-3.8,-4.4,-2.1,235,-1.7,4.0,-1.0,4.8,-4.2,-2.7
Monmouth,310,76.0,59.3,62.0,72.2,78.4,67.3,358,58.5,66.0,70.0,57.1,59.4,68.6,337,37.6%,26.4%,29.6%,36.6%,38.3%,32.3%,362,26.9%,35.7%,25.0%,21.4%,30.5%,33.1%,358,-6.9,7.7,12.0,-3.9,-8.9,+1.6,362,-10.6,-1.0,-4.0,-11.2,-10.1,-0.3
VA Military,312,76.0,67.3,69.0,68.9,79.6,77.4,300,65.7,63.3,75.0,63.1,67.0,77.0,245,35.0%,27.3%,40.6%,31.7%,36.3%,34.7%,104,35.4%,26.0%,29.4%,36.1%,35.1%,37.4%,312,-3.5,4.3,13.0,-5.4,-2.6,+0.7,343,-6.7,-8.3,-7.0,-0.3,-9.9,-0.9
TX Southern,313,76.1,71.0,89.0,80.0,74.0,66.1,260,67.1,71.7,74.0,73.0,63.9,69.0,165,33.7%,29.6%,35.3%,35.0%,33.0%,30.4%,360,27.4%,26.0%,17.4%,26.7%,27.9%,31.4%,316,-3.8,-6.7,-6.0,0.0,-5.8,+0.9,310,-4.2,12.3,6.0,-4.1,-4.2,+2.0
Rice,314,76.1,71.0,80.0,73.5,79.0,74.1,45,76.4,63.0,72.0,79.0,73.6,72.5,281,35.8%,41.0%,46.2%,34.7%,36.9%,32.9%,108,35.3%,34.2%,37.5%,35.2%,35.3%,36.2%,39,4.3,3.7,8.0,8.2,0.0,-0.2,300,-4.0,-11.7,-16.0,-2.1,-6.1,-1.7
DePaul,315,76.2,86.7,90.0,77.3,75.0,72.2,144,71.7,73.7,76.0,76.7,66.2,73.3,258,35.2%,34.3%,25.0%,34.8%,35.7%,33.7%,60,36.2%,43.1%,45.0%,40.7%,31.3%,31.7%,222,-1.1,-8.7,-1.0,-0.8,-1.5,+1.0,298,-3.9,-4.3,-13.0,-0.2,-7.9,+0.2
Coastal Car,316,76.2,72.7,83.0,72.2,79.5,66.4,187,70.2,66.0,70.0,71.2,69.4,69.5,290,35.9%,33.3%,53.6%,35.5%,36.3%,30.0%,307,31.0%,30.4%,30.8%,34.7%,28.3%,35.1%,287,-2.6,7.0,11.0,-2.1,-3.0,+4.2,304,-4.1,-13.7,-24.0,-0.3,-7.1,-1.0
Xavier,317,76.2,82.0,83.0,73.1,80.3,69.2,5,83.3,78.0,85.0,84.8,81.3,74.1,308,36.6%,39.1%,45.0%,35.1%,38.5%,32.2%,5,39.6%,38.6%,34.8%,37.3%,42.3%,32.2%,79,2.6,-6.3,-4.0,5.8,-1.5,+2.8,52,4.4,1.7,4.0,5.8,2.5,+2.4
TX-San Ant,318,76.3,70.0,81.0,73.3,80.7,73.9,256,67.2,62.7,74.0,69.1,64.6,64.9,190,34.1%,36.4%,38.5%,32.5%,36.8%,37.7%,168,34.2%,29.6%,22.7%,33.8%,34.9%,28.7%,317,-3.8,-3.0,-8.0,-0.3,-8.9,-5.4,324,-4.9,-4.3,1.0,-3.3,-7.2,-4.3
Jackson St,318,76.3,69.7,73.0,61.5,79.6,65.5,296,65.8,62.3,62.0,65.5,65.9,61.0,262,35.3%,40.0%,45.8%,23.8%,37.6%,32.2%,339,29.7%,21.6%,21.4%,25.3%,30.9%,30.0%,294,-3.0,5.0,14.0,1.0,-3.8,-3.2,352,-7.5,-12.3,-25.0,3.0,-9.9,-1.2
W Michigan,320,76.4,77.0,73.0,73.3,77.8,76.3,226,68.6,68.0,59.0,68.7,68.5,65.0,326,37.1%,34.7%,30.8%,33.8%,38.9%,33.8%,284,31.7%,26.6%,9.1%,27.1%,33.4%,33.2%,224,-1.2,-6.3,-2.0,3.3,-3.2,-7.4,344,-6.7,-2.7,-12.0,-8.0,-6.1,-4.4
St Fran (PA),321,76.5,83.0,74.0,69.3,81.3,74.2,186,70.3,72.3,61.0,76.5,66.1,67.5,225,34.7%,37.7%,40.9%,28.8%,37.8%,35.9%,89,35.6%,32.8%,43.8%,42.3%,31.0%,31.5%,356,-6.9,-5.7,-4.0,1.1,-12.2,-2.4,159,0.7,-5.0,-9.0,6.1,-3.0,-3.7
Nicholls St,322,76.5,77.7,69.0,66.7,78.6,73.4,206,69.4,74.7,67.0,79.3,67.2,75.7,226,34.7%,44.0%,42.9%,25.4%,36.9%,33.3%,213,33.2%,46.4%,31.3%,44.1%,30.7%,32.1%,355,-6.5,-9.7,-7.0,4.3,-8.9,-0.3,205,-0.6,6.7,5.0,8.3,-2.5,+2.4
Tulsa,323,76.5,79.0,81.0,74.9,77.9,69.9,227,68.6,63.0,55.0,70.6,66.7,67.4,26,30.0%,31.8%,32.1%,28.1%,31.8%,36.2%,282,31.8%,31.0%,22.2%,29.5%,34.1%,34.2%,339,-5.1,-11.0,-8.0,-2.3,-7.6,-0.5,269,-2.8,-5.0,-18.0,-1.9,-3.5,-2.0
TN Martin,324,76.6,77.0,89.0,75.4,77.5,74.9,60,75.4,75.7,75.0,79.4,72.0,66.8,54,31.1%,28.1%,23.8%,32.7%,29.6%,33.4%,296,31.3%,27.0%,22.2%,31.3%,31.3%,29.7%,226,-1.2,5.3,8.0,0.4,-2.5,-5.2,185,0.0,-7.7,-22.0,3.6,-2.9,-2.9
Portland St,325,76.7,71.3,66.0,72.3,78.9,73.6,134,72.0,67.3,69.0,69.3,73.4,71.6,339,37.8%,34.7%,11.1%,35.0%,39.0%,36.7%,216,33.1%,34.5%,38.1%,33.8%,32.8%,29.7%,261,-1.9,1.0,5.0,-1.9,-1.9,-1.1,268,-2.7,-5.0,-2.0,-1.1,-3.5,-1.0
S Indiana,325,76.7,80.0,80.0,71.9,79.6,--,48,76.3,79.0,76.0,76.9,75.9,--,204,34.2%,44.6%,63.6%,30.5%,36.5%,--,22,38.0%,38.5%,41.4%,37.4%,38.3%,--,204,-0.7,-5.0,-3.0,-1.1,-0.4,--,175,0.3,5.0,-1.0,5.8,-3.1,--
Lamar,327,76.7,68.3,63.0,71.9,79.9,74.1,316,65.0,64.0,70.0,63.1,66.3,60.9,169,33.7%,31.7%,20.0%,33.3%,33.9%,35.5%,352,28.8%,31.8%,41.2%,30.5%,27.8%,30.2%,266,-2.0,1.7,8.0,-0.8,-2.8,-5.7,357,-9.1,-6.0,-1.0,-8.0,-9.8,-7.5
S Utah,328,76.7,73.0,71.0,78.6,75.7,72.8,21,79.1,70.3,72.0,89.4,73.1,75.9,267,35.5%,32.0%,25.9%,37.6%,34.3%,34.6%,183,33.8%,20.8%,35.7%,41.6%,29.1%,34.1%,135,1.0,-1.7,-3.0,7.1,-2.6,+3.2,161,0.6,-1.0,4.0,2.1,-0.3,-0.1
McNeese St,329,76.8,74.3,70.0,76.8,76.8,80.2,293,65.9,66.7,63.0,72.1,61.6,73.4,363,41.9%,45.8%,41.2%,43.3%,41.0%,34.7%,230,32.9%,26.2%,20.0%,34.0%,31.9%,30.6%,360,-7.3,-6.3,-8.0,-2.9,-10.4,-3.8,284,-3.5,-1.3,1.0,-1.6,-4.8,-3.1
WI-Grn Bay,330,76.9,72.3,77.0,76.9,76.9,69.7,359,58.4,44.7,46.0,62.1,56.4,61.2,306,36.4%,32.7%,21.4%,32.4%,38.4%,34.7%,351,28.9%,26.1%,26.9%,28.2%,29.2%,28.0%,362,-9.5,-17.0,-6.0,-9.5,-9.5,-5.1,356,-9.0,-10.7,-25.0,-5.3,-11.0,-3.3
Neb Omaha,331,77.0,75.3,89.0,75.8,77.7,84.4,259,67.2,69.3,83.0,73.5,63.9,69.7,327,37.3%,22.1%,28.6%,41.0%,35.7%,39.9%,171,34.2%,33.3%,50.0%,40.8%,30.8%,35.8%,346,-5.7,-6.0,-6.0,-2.8,-7.3,-4.2,305,-4.1,0.0,0.0,0.5,-6.5,-10.6
N Alabama,332,77.0,73.0,79.0,72.2,79.0,72.3,146,71.6,76.0,57.0,79.0,68.6,64.2,360,40.2%,35.8%,37.5%,41.0%,39.9%,33.7%,87,35.6%,40.3%,16.7%,42.5%,32.1%,29.2%,244,-1.6,0.3,-21.0,4.2,-3.9,-6.2,282,-3.4,2.7,-1.0,4.3,-6.5,-1.7
Portland,333,77.1,74.0,61.0,76.7,77.5,73.0,68,75.0,69.0,80.0,83.0,66.4,72.4,325,37.0%,37.7%,30.4%,38.1%,36.0%,34.4%,31,37.3%,31.9%,33.3%,43.2%,30.9%,35.0%,267,-2.0,-2.7,17.0,-0.1,-4.2,-1.2,185,0.0,-2.3,2.0,6.4,-7.0,+0.8
Pacific,334,77.1,86.7,72.0,76.3,78.0,73.6,51,76.1,88.7,81.0,73.2,79.7,65.2,214,34.5%,27.8%,23.1%,32.9%,36.5%,39.2%,21,38.0%,44.0%,29.2%,36.3%,39.8%,31.4%,207,-0.8,-4.3,-3.0,-1.3,-0.1,-4.8,188,0.0,6.3,12.0,-1.6,1.8,-4.0
Detroit,335,77.1,75.0,67.0,71.0,80.4,71.2,69,75.0,75.0,85.0,79.1,72.8,69.9,340,37.8%,43.3%,31.3%,34.7%,39.4%,35.3%,9,38.8%,39.4%,43.8%,38.8%,38.8%,36.9%,191,-0.4,-4.7,13.0,5.9,-3.7,-0.4,232,-1.6,4.7,5.0,2.3,-3.6,-0.9
Hampton,336,77.3,64.7,57.0,70.1,82.2,70.7,265,67.0,65.0,62.0,65.3,68.1,63.2,344,38.1%,28.6%,29.4%,36.6%,39.1%,29.7%,237,32.7%,24.2%,22.2%,28.7%,35.3%,29.4%,225,-1.2,1.7,12.0,1.8,-3.2,-4.0,358,-9.1,-1.3,-7.0,-6.6,-10.9,-3.4
N Arizona,337,77.3,73.7,69.0,76.1,78.1,74.8,197,69.7,75.7,68.0,73.9,67.2,65.4,301,36.2%,26.6%,16.7%,35.7%,36.5%,36.3%,135,34.7%,45.7%,58.8%,35.9%,34.0%,34.3%,221,-1.1,-5.7,-4.0,-1.0,-1.2,-4.7,338,-6.1,7.7,3.0,-0.8,-9.4,-4.7
SE Missouri,338,77.4,80.3,98.0,79.1,76.4,78.2,52,76.0,90.0,99.0,80.9,73.2,75.7,249,35.1%,38.3%,44.4%,39.0%,32.5%,34.5%,133,34.8%,41.0%,51.9%,35.0%,34.6%,35.2%,165,0.2,9.7,10.0,1.4,-0.5,-2.2,241,-1.9,0.0,-9.0,-0.5,-2.6,-0.3
Bowling Grn,339,77.4,73.7,69.0,71.7,82.1,82.2,62,75.3,73.3,60.0,71.0,78.8,77.9,271,35.7%,31.3%,38.9%,36.4%,34.9%,36.0%,120,35.1%,38.8%,36.4%,34.3%,35.7%,33.1%,278,-2.4,-2.0,5.0,2.9,-6.7,-1.6,174,0.3,1.7,-14.0,-3.6,3.5,-2.7
SE Louisiana,340,77.5,72.7,67.0,75.0,79.1,79.1,66,75.1,83.0,77.0,80.0,71.8,75.9,351,38.6%,48.1%,38.9%,37.0%,39.7%,34.0%,77,35.9%,45.8%,38.5%,38.6%,34.1%,34.4%,111,1.9,10.0,13.0,6.5,-1.3,-2.9,307,-4.1,0.3,-3.0,-0.9,-6.3,-0.3
F Dickinson,341,77.6,74.3,71.0,77.9,77.4,79.2,46,76.4,74.7,78.0,78.3,75.3,67.2,316,36.8%,36.4%,41.2%,35.1%,37.7%,35.1%,196,33.5%,29.7%,45.5%,34.1%,33.2%,32.4%,156,0.5,-1.0,17.0,-1.4,1.5,-6.5,230,-1.5,1.3,-10.0,1.8,-3.4,-5.1
Georgetown,342,77.6,71.3,63.0,74.5,81.7,77.0,148,71.5,69.0,53.0,71.6,71.4,70.7,335,37.6%,36.1%,27.6%,37.0%,38.5%,36.9%,301,31.2%,28.0%,27.3%,30.5%,32.0%,34.2%,347,-5.8,1.3,4.0,-3.4,-8.9,-1.0,207,-0.6,-3.7,-14.0,0.0,-1.4,-5.3
Toledo,343,78.0,78.0,78.0,76.7,78.9,69.6,2,84.1,85.3,81.0,89.6,80.0,79.1,318,36.8%,37.7%,41.7%,34.9%,38.3%,31.1%,18,38.3%,36.4%,40.9%,41.9%,35.5%,35.2%,257,-1.8,2.0,-2.0,1.3,-4.2,+4.7,9,8.0,5.3,5.0,11.6,5.3,+4.8
IUPUI,344,78.0,77.0,72.0,76.3,78.9,68.4,328,63.5,72.0,69.0,62.6,63.9,51.3,352,38.6%,34.7%,31.6%,38.5%,38.7%,35.6%,348,29.2%,35.7%,35.3%,26.0%,31.1%,29.2%,328,-4.3,0.3,-2.0,-7.4,-2.5,-7.1,359,-10.0,-5.3,-1.0,-5.5,-12.5,-10.0
Bryant,345,78.0,78.3,53.0,68.4,84.4,74.0,29,78.3,72.3,71.0,75.9,79.9,76.6,248,35.1%,35.5%,41.2%,34.1%,35.6%,32.5%,144,34.6%,31.0%,21.7%,36.3%,33.3%,30.3%,113,1.8,6.7,17.0,6.4,-1.3,-0.8,240,-1.9,-12.7,1.0,1.1,-3.8,+3.5
Oakland,346,78.0,75.7,82.0,78.3,77.9,69.8,143,71.7,69.7,73.0,76.4,69.3,72.3,314,36.7%,36.8%,42.9%,40.7%,34.5%,31.0%,287,31.6%,29.2%,13.8%,31.9%,31.5%,29.8%,267,-2.0,-2.7,-2.0,0.3,-3.3,-0.4,315,-4.3,-3.3,-7.0,-2.4,-5.4,+3.2
Beth-Cook,347,78.7,71.7,77.0,74.5,80.4,70.5,243,67.8,73.3,88.0,78.5,63.1,62.5,299,36.1%,29.6%,30.4%,30.6%,38.6%,32.9%,114,35.2%,43.3%,52.6%,36.8%,34.4%,33.7%,326,-4.3,-4.3,6.0,1.5,-6.7,-4.4,346,-6.8,6.0,5.0,2.5,-10.7,-4.0
N Colorado,348,78.8,73.0,69.0,75.7,80.3,78.0,160,71.1,71.0,67.0,70.3,71.5,77.1,215,34.5%,34.0%,25.0%,34.4%,34.5%,38.2%,75,35.9%,27.3%,31.8%,36.0%,35.9%,37.9%,318,-4.0,4.3,1.0,-3.6,-4.1,-0.5,288,-3.6,-6.3,-3.0,-1.9,-4.4,-0.5
Buffalo,349,79.0,73.3,81.0,76.4,81.0,73.6,53,75.9,74.3,64.0,79.4,73.0,78.7,200,34.2%,40.0%,66.7%,34.5%,34.0%,31.9%,295,31.3%,31.4%,21.1%,32.5%,30.3%,34.4%,230,-1.3,4.3,0.0,1.4,-3.5,+4.3,226,-1.3,-3.3,-17.0,1.6,-3.6,+0.8
High Point,350,79.0,82.3,89.0,75.0,81.9,70.8,120,72.4,61.7,63.0,76.8,69.1,67.7,84,31.8%,35.0%,45.5%,29.0%,33.9%,30.1%,275,32.0%,28.2%,24.0%,30.5%,33.2%,32.0%,329,-4.6,-8.3,-11.0,-5.4,-3.9,-2.7,243,-2.0,-12.3,-15.0,7.2,-8.9,-0.4
Miami (OH),351,79.5,76.0,81.0,79.9,79.0,76.0,129,72.2,71.7,78.0,76.4,66.4,73.8,310,36.7%,32.1%,40.9%,37.3%,35.8%,36.7%,239,32.7%,37.7%,41.7%,35.2%,28.6%,34.3%,276,-2.3,-1.0,2.0,-1.0,-4.1,-0.7,328,-5.1,-3.3,-5.0,-2.5,-8.5,-1.4
Pepperdine,352,80.1,84.0,81.0,73.4,85.8,77.8,64,75.3,73.3,72.0,76.6,74.2,67.3,307,36.4%,40.6%,29.2%,32.3%,40.1%,32.9%,150,34.5%,26.3%,23.1%,40.7%,29.0%,34.1%,168,0.1,-2.3,3.0,2.5,-1.8,-5.2,317,-4.4,-8.3,-12.0,1.0,-8.9,-4.7
N Florida,353,80.6,80.7,63.0,74.7,82.9,73.6,112,72.9,79.7,76.0,82.7,68.9,65.2,304,36.3%,33.9%,11.8%,40.7%,34.5%,33.9%,221,33.1%,30.3%,32.1%,39.8%,30.4%,32.4%,330,-4.6,-6.3,-8.0,3.0,-7.7,-3.8,278,-3.2,6.3,21.0,4.2,-6.1,-4.8
San Diego,354,80.8,84.0,80.0,78.3,83.7,68.7,42,76.7,76.3,61.0,76.0,77.6,63.9,362,40.7%,34.1%,33.3%,38.4%,43.4%,33.2%,127,34.9%,35.4%,30.4%,38.1%,31.2%,32.1%,300,-3.1,-7.3,-17.0,-3.3,-2.8,-2.7,222,-1.2,-0.3,-2.0,1.2,-4.1,-2.1
AR Lit Rock,355,81.0,88.0,99.0,75.1,83.7,75.4,84,74.2,87.0,98.0,78.7,72.1,64.1,353,38.7%,46.5%,51.9%,33.9%,41.3%,38.4%,258,32.4%,39.4%,44.4%,37.2%,30.1%,33.3%,277,-2.3,-3.0,-10.0,-1.0,-2.9,-5.4,318,-4.5,2.0,9.0,4.6,-8.7,-5.9
E Michigan,356,81.8,77.3,79.0,79.4,83.2,76.6,108,73.0,81.0,90.0,70.3,74.8,68.8,208,34.4%,36.8%,32.3%,35.1%,33.9%,35.6%,276,32.0%,37.8%,54.2%,29.2%,33.6%,30.7%,273,-2.2,1.0,4.0,-3.3,-1.6,-5.7,339,-6.4,2.7,7.0,-5.9,-6.7,-2.4
New Orleans,357,81.9,86.0,86.0,74.2,90.4,76.7,161,71.1,73.3,69.0,72.4,69.6,76.0,343,38.0%,45.1%,37.5%,33.0%,42.1%,32.3%,6,39.1%,46.0%,28.6%,36.7%,41.9%,30.8%,351,-6.3,-4.0,5.0,-2.5,-10.6,+2.6,319,-4.6,-8.7,-22.0,0.7,-10.4,-2.9
TX-Pan Am,358,82.1,69.3,67.0,74.1,87.3,79.7,58,75.6,65.0,65.0,76.1,75.3,70.8,227,34.8%,30.9%,36.8%,29.5%,38.3%,32.7%,140,34.6%,38.6%,43.5%,35.8%,33.8%,30.3%,280,-2.5,0.0,1.0,0.4,-4.3,-2.7,291,-3.7,-4.3,-3.0,1.6,-7.3,-6.2
Central Ark,359,82.4,82.0,87.0,76.3,86.3,83.2,119,72.4,81.0,91.0,75.6,70.4,71.0,293,36.0%,34.4%,43.8%,31.4%,38.7%,35.3%,263,32.2%,32.9%,43.3%,32.1%,32.4%,29.5%,302,-3.1,2.7,7.0,2.9,-7.0,-9.2,340,-6.4,-4.7,-3.0,-2.6,-8.9,-2.9
LIU,360,82.6,72.3,76.0,73.3,87.2,74.3,330,63.2,64.0,59.0,61.0,64.3,73.8,321,36.9%,36.2%,40.0%,31.3%,39.0%,32.0%,272,32.1%,45.8%,30.0%,29.2%,33.3%,31.0%,350,-6.0,2.0,-12.0,-4.3,-6.9,-1.5,363,-13.3,-10.3,-5.0,-8.0,-16.0,+1.0
Coppin State,361,85.5,85.0,71.0,79.1,88.7,74.7,105,73.2,72.3,66.0,75.8,71.9,66.9,197,34.2%,35.8%,27.6%,28.2%,37.1%,35.2%,193,33.7%,40.5%,37.5%,34.4%,33.3%,29.7%,337,-5.0,-11.7,-6.0,-2.5,-6.3,-2.3,350,-7.3,-1.0,1.0,-1.8,-10.1,-5.5
Hsn Christian,362,86.1,84.3,94.0,86.4,85.8,79.4,96,73.8,71.7,76.0,82.1,67.0,71.6,342,37.9%,38.6%,44.0%,43.8%,34.3%,38.8%,73,35.9%,32.1%,36.8%,40.5%,32.2%,30.5%,349,-5.9,-10.7,-5.0,1.6,-12.0,-3.2,342,-6.7,-2.0,-13.0,-6.4,-6.8,-4.8
S Car State,363,87.1,90.0,100.0,79.8,88.7,74.4,121,72.4,75.7,74.0,75.3,71.7,69.8,358,39.8%,47.3%,57.1%,35.1%,40.6%,35.7%,317,30.7%,38.3%,39.1%,31.9%,30.4%,30.6%,361,-8.3,-12.3,-15.0,-5.8,-8.9,-1.3,337,-6.0,-1.0,-11.0,2.0,-7.8,-2.7
